date,temp_max_f,temp_min_f,precip_mm,snowfall_mm,wind_max_mph,cloud_cover_pct,temp_7d_mean,temp_delta,temp_surge_flag,aqi_pm25,aqi_o3_ugm3,aqi_o3,aqi_pm25_airnow,aqi_overall,aqi_o3_lag3,aqi_o3_lag4,aqi_o3_lag5,nssp_flu_pct,nssp_covid_pct,nwss_percentile,crime_violent_7d,row_permits_catchment,is_holiday,day_of_week,event_attendance
2024-07-01,78.8,61.5,0,0,10.3,29,88.9,-10.1,0,8.6,123.0,,,,134.0,125.0,124.0,,,,30534,159,0,0,1
2024-07-02,92.3,59.3,0,0,7.1,46,87.6,4.7,0,11.1,152.0,,,,152.0,134.0,125.0,,,,30374,159,0,1,1
2024-07-03,92.8,76.5,10.8,0,14.4,62,87.3,5.5,0,21.1,150.0,,,,107.0,152.0,134.0,,,,30206,159,0,2,1
2024-07-04,89.7,74.0,10.5,0,13.4,98,88.5,1.2,0,21.8,130.0,,,,123.0,107.0,152.0,,,,30057,159,1,3,1
2024-07-05,86.7,72.1,15.1,0,9.5,60,89.2,-2.5,0,21.9,125.0,,,,152.0,123.0,107.0,,,,29859,159,0,4,1
2024-07-06,85.4,65.8,0,0,6.9,41,88.5,-3.1,0,16.5,113.0,,,,150.0,152.0,123.0,,,,29682,159,0,5,1
2024-07-07,86.8,65.6,0,0,4.8,23,87.4,-0.6,0,17.6,148.0,,,,130.0,150.0,152.0,,,,29512,159,0,6,1
2024-07-08,90.4,68.4,0,0,4.0,83,87.5,2.9,0,17.3,158.0,,,,125.0,130.0,150.0,,,,29369,159,0,0,1
2024-07-09,88.3,73.6,16.3,0,11.5,83,89.2,-0.9,0,17.5,140.0,,,,113.0,125.0,130.0,,,,29188,159,0,1,1
2024-07-10,84.4,68.8,1.2,0,16.4,47,88.6,-4.2,0,20.3,128.0,,,,148.0,113.0,125.0,,,,29029,159,0,2,1
2024-07-11,87.1,67.0,0.2,0,3.8,11,87.4,-0.3,0,25.8,138.0,,,,158.0,148.0,113.0,,,,28847,159,0,3,1
2024-07-12,87.9,68.3,1.2,0,8.5,18,87.0,0.9,0,25.4,154.0,,,,140.0,158.0,148.0,,,,28680,159,0,4,1
2024-07-13,89.6,68.9,0.5,0,4.5,20,87.2,2.4,0,24.3,157.0,,,,128.0,140.0,158.0,,,,28513,159,0,5,1
2024-07-14,92.0,70.8,0.1,0,8.8,9,87.8,4.2,0,25.0,152.0,,,,138.0,128.0,140.0,,,,28364,159,0,6,1
2024-07-15,94.9,73.8,0,0,9.3,10,88.5,6.4,0,20.4,159.0,,,,154.0,138.0,128.0,,,,28219,159,0,0,1
2024-07-16,91.5,75.7,0.3,0,12.7,77,89.2,2.3,0,25.1,138.0,,,,157.0,154.0,138.0,,,,28011,159,0,1,1
2024-07-17,85.3,73.8,2.3,0,8.5,92,89.6,-4.3,0,24.2,125.0,,,,152.0,157.0,154.0,,,,27851,159,0,2,1
2024-07-18,80.1,66.8,0,0,9.9,35,89.8,-9.7,0,17.9,104.0,,,,159.0,152.0,157.0,,,,27667,159,0,3,1
2024-07-19,83.3,61.8,0,0,6.8,33,88.8,-5.5,0,9.3,130.0,,,,138.0,159.0,152.0,,,,27507,159,0,4,1
2024-07-20,85.8,66.1,0,0,7.2,36,88.1,-2.3,0,13.2,144.0,,,,125.0,138.0,159.0,,,,27334,159,0,5,1
2024-07-21,83.9,67.1,0.4,0,9.0,78,87.6,-3.7,0,20.3,130.0,,,,104.0,125.0,138.0,,,,27180,159,0,6,1
2024-07-22,84.4,68.3,0.5,0,7.9,72,86.4,-2.0,0,28.6,155.0,,,,130.0,104.0,125.0,,,,27014,159,0,0,1
2024-07-23,85.9,66.8,0,0,5.1,74,84.9,1.0,0,25.7,148.0,,,,144.0,130.0,104.0,,,,26838,159,0,1,1
2024-07-24,86.4,69.3,0.2,0,6.3,91,84.1,2.3,0,31.8,155.0,,,,130.0,144.0,130.0,,,,26638,159,0,2,1
2024-07-25,87.5,69.2,0,0,7.6,85,84.3,3.2,0,30.2,131.0,,,,155.0,130.0,144.0,,,,26450,159,0,3,1
2024-07-26,86.3,67.9,0,0,6.0,89,85.3,1.0,0,26.6,140.0,,,,148.0,155.0,130.0,,,,26275,159,0,4,1
2024-07-27,89.9,65.2,0,0,5.5,95,85.7,4.2,0,35.2,147.0,,,,155.0,148.0,155.0,,,,26127,159,0,5,1
2024-07-28,85.5,72.0,1.9,0,9.9,92,86.3,-0.8,0,32.8,96.0,,,,131.0,155.0,148.0,,,,25951,159,0,6,1
2024-07-29,87.4,70.9,21.3,0,13.4,79,86.6,0.8,0,22.6,132.0,,,,140.0,131.0,155.0,,,,25788,159,0,0,1
2024-07-30,90.2,70.2,15.6,0,11.2,46,87.0,3.2,0,19.4,136.0,,,,147.0,140.0,131.0,,,,25571,159,0,1,1
2024-07-31,89.3,71.2,6.1,0,8.8,51,87.6,1.7,0,17.9,140.0,,,,96.0,147.0,140.0,,,,25406,159,0,2,1
2024-08-01,91.2,73.8,11.7,0,10.8,77,88.0,3.2,0,28.5,141.0,,,,132.0,96.0,147.0,,,,25261,159,0,3,1
2024-08-02,82.6,71.2,11.4,0,9.2,41,88.5,-5.9,0,25.8,112.0,,,,136.0,132.0,96.0,,,,25110,159,0,4,1
2024-08-03,85.8,69.0,2.0,0,6.9,20,88.0,-2.2,0,16.8,118.0,,,,140.0,136.0,132.0,,,,24926,159,0,5,1
2024-08-04,88.5,69.2,0,0,4.2,4,87.4,1.1,0,26.3,136.0,,,,141.0,140.0,136.0,,,,24743,159,0,6,1
2024-08-05,90.1,70.9,0,0,4.1,39,87.9,2.2,0,27.8,152.0,,,,112.0,141.0,140.0,,,,24582,159,0,0,1
2024-08-06,91.0,72.0,0,0,5.9,7,88.2,2.8,0,26.4,171.0,,,,118.0,112.0,141.0,,,,24414,159,0,1,1
2024-08-07,85.6,73.8,1.0,0,9.5,47,88.4,-2.8,0,25.4,140.0,,,,136.0,118.0,112.0,,,,24236,159,0,2,0
2024-08-08,86.3,69.1,0,0,9.9,39,87.8,-1.5,0,19.6,126.0,,,,152.0,136.0,118.0,,,,24087,159,0,3,0
2024-08-09,84.4,68.3,0,0,9.3,35,87.1,-2.7,0,22.0,124.0,,,,171.0,152.0,136.0,,,,23910,159,0,4,0
2024-08-10,77.6,60.7,0,0,8.0,11,87.4,-9.8,0,13.0,92.0,,,,140.0,171.0,152.0,,,,23744,159,0,5,1
2024-08-11,78.4,62.4,0,0,6.2,48,86.2,-7.8,0,14.8,95.0,,,,126.0,140.0,171.0,,,,23563,159,0,6,1
2024-08-12,79.4,59.3,0.5,0,4.8,46,84.8,-5.4,0,16.2,128.0,,,,124.0,126.0,140.0,,,,23380,159,0,0,0
2024-08-13,83.4,65.6,0,0,3.9,72,83.2,0.2,0,16.5,143.0,,,,92.0,124.0,126.0,,,,23196,159,0,1,0
2024-08-14,85.8,64.7,0,0,5.1,36,82.2,3.6,0,17.5,130.0,,,,95.0,92.0,124.0,,,,23022,159,0,2,0
2024-08-15,88.2,64.9,0,0,6.5,76,82.2,6.0,0,17.5,134.0,,,,128.0,95.0,92.0,,,,22864,159,0,3,0
2024-08-16,89.0,70.4,9.4,0,12.5,56,82.5,6.5,0,21.4,121.0,,,,143.0,128.0,95.0,,,,22739,159,0,4,0
2024-08-17,88.2,70.7,0.2,0,11.9,17,83.1,5.1,0,20.1,137.0,,,,130.0,143.0,128.0,,,,22569,159,0,5,1
2024-08-18,80.6,68.1,6.0,0,8.7,30,84.6,-4.0,0,12.1,96.0,,,,134.0,130.0,143.0,,,,22410,159,0,6,1
2024-08-19,80.6,65.7,0,0,12.1,13,84.9,-4.3,0,14.5,111.0,,,,121.0,134.0,130.0,,,,22270,159,0,0,0
2024-08-20,74.6,59.5,0,0,9.8,22,85.1,-10.5,0,17.3,115.0,,,,137.0,121.0,134.0,,,,22079,159,0,1,0
2024-08-21,75.0,55.7,0,0,8.4,38,83.9,-8.9,0,18.6,116.0,,,,96.0,137.0,121.0,,,,21905,159,0,2,0
2024-08-22,79.6,55.2,0,0,7.4,13,82.3,-2.7,0,16.5,115.0,,,,111.0,96.0,137.0,,,,21745,159,0,3,0
2024-08-23,84.4,56.6,0,0,5.4,34,81.1,3.3,0,16.4,151.0,,,,115.0,111.0,96.0,,,,21559,159,0,4,0
2024-08-24,88.7,63.0,0,0,5.3,22,80.4,8.3,0,15.2,153.0,,,,116.0,115.0,111.0,,,,21388,159,0,5,1
2024-08-25,89.6,64.8,0,0,4.8,59,80.5,9.1,0,17.9,152.0,,,,115.0,116.0,115.0,,,,21233,159,0,6,1
2024-08-26,90.1,64.0,0,0,5.0,0,81.8,8.3,0,14.4,158.0,,,,151.0,115.0,116.0,,,,21072,159,0,0,0
2024-08-27,94.5,68.0,0,0,4.9,23,83.1,11.4,0,22.6,188.0,,,,153.0,151.0,115.0,,,,20890,159,0,1,0
2024-08-28,95.6,70.4,0,0,7.6,10,86.0,9.6,0,19.8,175.0,,,,152.0,153.0,151.0,,,,20728,159,0,2,0
2024-08-29,95.2,71.2,0,0,9.2,25,88.9,6.3,0,23.1,170.0,,,,158.0,152.0,153.0,,,,20534,159,0,3,0
2024-08-30,94.2,71.1,0.3,0,9.9,15,91.2,3.0,0,20.0,162.0,,,,188.0,158.0,152.0,,,,20385,159,0,4,0
2024-08-31,87.9,71.6,14.1,0,7.6,85,92.6,-4.7,0,16.2,111.0,,,,175.0,188.0,158.0,,,,20194,159,0,5,1
2024-09-01,86.6,71.3,9.9,0,9.6,58,92.4,-5.8,0,14.3,104.0,,,,170.0,175.0,188.0,,,,19992,159,0,6,1
2024-09-02,79.5,65.8,0,0,11.0,2,92.0,-12.5,0,12.7,105.0,,,,162.0,170.0,175.0,,,,19809,159,1,0,1
2024-09-03,80.9,59.9,0,0,8.9,85,90.5,-9.6,0,10.2,106.0,,,,111.0,162.0,170.0,,,,19657,159,0,1,0
2024-09-04,84.2,64.2,0,0,5.2,85,88.6,-4.4,0,15.9,128.0,,,,104.0,111.0,162.0,,,,19474,159,0,2,0
2024-09-05,86.7,64.2,0,0,5.3,5,86.9,-0.2,0,16.2,144.0,,,,105.0,104.0,111.0,,,,19340,159,0,3,0
2024-09-06,86.9,66.0,1.9,0,14.3,23,85.7,1.2,0,16.2,132.0,,,,106.0,105.0,104.0,,,,19167,159,0,4,0
2024-09-07,70.1,56.3,0,0,12.4,11,84.7,-14.6,0,8.5,80.0,,,,128.0,106.0,105.0,,,,18990,159,0,5,1
2024-09-08,71.7,50.7,0,0,5.8,1,82.1,-10.4,0,31.1,109.0,,,,144.0,128.0,106.0,,,,18825,159,0,6,1
2024-09-09,77.4,51.3,0,0,5.1,0,80.0,-2.6,0,31.2,129.0,,,,132.0,144.0,128.0,,,,18660,159,0,0,0
2024-09-10,82.8,54.7,0,0,5.1,11,79.7,3.1,0,23.7,135.0,,,,80.0,132.0,144.0,,,,18482,159,0,1,0
2024-09-11,86.4,56.9,0,0,5.5,6,80.0,6.4,0,18.8,132.0,,,,109.0,80.0,132.0,,,,18304,159,0,2,0
2024-09-12,85.9,60.6,0,0,9.8,95,80.3,5.6,0,17.7,126.0,,,,129.0,109.0,80.0,,,,18136,159,0,3,0
2024-09-13,77.1,66.5,5.8,0,11.3,89,80.2,-3.1,0,12.4,77.0,,,,135.0,129.0,109.0,,,,17971,159,0,4,0
2024-09-14,87.8,66.4,0,0,9.8,16,78.8,9.0,0,7.7,84.0,,,,132.0,135.0,129.0,,,,17823,159,0,5,1
2024-09-15,87.2,65.8,0,0,7.0,6,81.3,5.9,0,7.4,81.0,,,,126.0,132.0,135.0,,,,17655,159,0,6,1
2024-09-16,86.2,63.2,0,0,6.0,3,83.5,2.7,0,12.3,94.0,,,,77.0,126.0,132.0,,,,17502,159,0,0,0
2024-09-17,78.8,58.3,0,0,7.9,58,84.8,-6.0,0,11.8,114.0,,,,84.0,77.0,126.0,,,,17334,159,0,1,0
2024-09-18,83.7,64.0,0,0,5.9,31,84.2,-0.5,0,16.1,114.0,,,,81.0,84.0,77.0,,,,17198,159,0,2,0
2024-09-19,89.1,64.5,0,0,5.5,47,83.8,5.3,0,16.2,121.0,,,,94.0,81.0,84.0,,,,17057,159,0,3,0
2024-09-20,90.5,64.3,0,0,6.8,17,84.3,6.2,0,14.6,131.0,,,,114.0,94.0,81.0,,,,16902,159,0,4,0
2024-09-21,88.5,69.1,0.6,0,5.2,48,86.2,2.3,0,16.2,135.0,,,,114.0,114.0,94.0,,,,16756,159,0,5,1
2024-09-22,79.9,69.3,7.8,0,5.6,81,86.3,-6.4,0,15.9,113.0,,,,121.0,114.0,114.0,,,,16596,159,0,6,1
2024-09-23,81.4,67.0,2.1,0,7.0,77,85.2,-3.8,0,12.6,93.0,,,,131.0,121.0,114.0,,,,16477,159,0,0,0
2024-09-24,79.1,67.3,12.0,0,11.9,49,84.6,-5.5,0,14.8,100.0,,,,135.0,131.0,121.0,,,,16346,159,0,1,0
2024-09-25,74.9,62.2,0.2,0,5.5,76,84.6,-9.7,0,23.2,100.0,,,,113.0,135.0,131.0,,,,16199,159,0,2,0
2024-09-26,79.6,60.4,2.5,0,11.8,42,83.3,-3.7,0,23.3,104.0,,,,93.0,113.0,135.0,,,,16045,159,0,3,0
2024-09-27,70.2,66.1,64.4,0,24.5,100,82.0,-11.8,0,10.9,75.0,,,,100.0,93.0,113.0,,,,15883,159,0,4,0
2024-09-28,67.1,65.0,39.7,0,14.9,100,79.1,-12.0,0,10.6,82.0,,,,100.0,100.0,93.0,,,,15733,159,0,5,1
2024-09-29,75.9,64.8,1.7,0,7.3,86,76.0,-0.1,0,9.8,87.0,,,,104.0,100.0,100.0,,,,15577,159,0,6,1
2024-09-30,78.3,62.4,0.5,0,3.8,48,75.5,2.8,0,14.3,112.0,,,,75.0,104.0,100.0,,,,15428,159,0,0,0
2024-10-01,78.9,63.0,0.9,0,11.1,28,75.0,3.9,0,14.5,95.0,,,,82.0,75.0,104.0,,,,15260,159,0,1,0
2024-10-02,71.1,53.7,0,0,10.0,17,75.0,-3.9,0,12.3,98.0,,,,87.0,82.0,75.0,,,,15105,159,0,2,0
2024-10-03,76.0,51.8,0,0,4.2,21,74.4,1.6,0,12.2,117.0,,,,112.0,87.0,82.0,,,,14962,159,0,3,0
2024-10-04,78.9,57.3,0,0,5.4,3,73.9,5.0,0,10.4,142.0,,,,95.0,112.0,87.0,,,,14781,159,0,4,0
2024-10-05,81.3,58.9,0,0,5.3,9,75.2,6.1,0,10.3,139.0,,,,98.0,95.0,112.0,,,,14632,159,0,5,1
2024-10-06,84.7,61.3,0,0,10.8,1,77.2,7.5,0,11.3,139.0,,,,117.0,98.0,95.0,,,,14481,159,0,6,1
2024-10-07,68.3,54.0,0,0,8.5,0,78.5,-10.2,0,7.6,88.0,,,,142.0,117.0,98.0,,,,14321,159,0,0,1
2024-10-08,70.2,50.3,0,0,5.8,0,77.0,-6.8,0,5.6,95.0,,,,139.0,142.0,117.0,,,,14128,159,0,1,1
2024-10-09,74.5,52.6,0,0,5.6,10,75.8,-1.3,0,10.1,103.0,,,,139.0,139.0,142.0,,,,13976,159,0,2,1
2024-10-10,73.5,50.5,0,0,5.9,0,76.3,-2.8,0,10.0,108.0,,,,88.0,139.0,139.0,,,,13792,159,0,3,1
2024-10-11,73.6,47.3,0,0,5.9,0,75.9,-2.3,0,12.1,118.0,,,,95.0,88.0,139.0,,,,13657,159,0,4,1
2024-10-12,79.6,51.3,0,0,8.6,25,75.2,4.4,0,12.6,122.0,,,,103.0,95.0,88.0,,,,13471,159,0,5,1
2024-10-13,78.8,62.0,0,0,14.3,17,74.9,3.9,0,11.8,105.0,,,,108.0,103.0,95.0,,,,13294,159,0,6,1
2024-10-14,59.0,49.3,0,0,12.1,58,74.1,-15.1,0,9.2,72.0,,,,118.0,108.0,103.0,,,,13143,159,0,0,0
2024-10-15,56.0,42.8,3.6,0,13.8,71,72.7,-16.7,0,9.4,70.0,,,,122.0,118.0,108.0,,,,12957,159,0,1,0
2024-10-16,55.0,39.8,0,0,13.7,29,70.7,-15.7,0,9.4,71.0,,,,105.0,122.0,118.0,,,,12824,159,0,2,0
2024-10-17,59.5,38.9,0,0,5.1,32,67.9,-8.4,0,11.6,82.0,,,,72.0,105.0,122.0,,,,12683,159,0,3,0
2024-10-18,65.1,39.6,0,0,6.5,0,65.9,-0.8,0,10.3,102.0,,,,70.0,72.0,105.0,,,,12582,159,0,4,0
2024-10-19,68.7,43.5,0,0,6.6,1,64.7,4.0,0,12.8,126.0,,,,71.0,70.0,72.0,,,,12456,159,0,5,1
2024-10-20,69.5,46.5,0,0,6.6,28,63.2,6.3,0,15.4,140.0,,,,82.0,71.0,70.0,,,,12321,159,0,6,1
2024-10-21,71.4,44.2,0,0,7.0,17,61.8,9.6,0,15.7,140.0,,,,102.0,82.0,71.0,,,,12177,159,0,0,0
2024-10-22,77.4,46.2,0,0,10.8,7,63.6,13.8,0,10.2,127.0,,,,126.0,102.0,82.0,,,,12022,159,0,1,0
2024-10-23,77.3,56.6,0,0,11.0,29,66.7,10.6,0,,,,,,140.0,126.0,102.0,,,,11876,159,0,2,0
2024-10-24,64.8,44.4,0,0,8.1,0,69.8,-5.0,0,8.7,78.0,,,,140.0,140.0,126.0,,,,11737,159,0,3,0
2024-10-25,77.4,48.8,0.4,0,12.0,31,70.6,6.8,0,19.2,114.0,,,,127.0,140.0,140.0,,,,11575,159,0,4,0
2024-10-26,64.6,49.3,1.9,0,12.1,35,72.4,-7.8,0,14.9,86.0,,,,,127.0,140.0,,,,11411,159,0,5,1
2024-10-27,62.6,42.3,0,0,6.0,33,71.8,-9.2,0,7.3,89.0,,,,78.0,115.0,127.0,,,,11236,159,0,6,1
2024-10-28,72.2,40.3,0,0,7.8,49,70.8,1.4,0,10.9,96.0,,,,114.0,78.0,115.0,,,,11100,159,0,0,0
2024-10-29,78.3,61.0,0,0,12.6,69,70.9,7.4,0,11.8,112.0,,,,86.0,114.0,78.0,,,,10925,159,0,1,0
2024-10-30,77.1,59.4,0,0,10.6,29,71.0,6.1,0,9.6,102.0,,,,89.0,86.0,114.0,,,,10785,159,0,2,0
2024-10-31,72.3,62.4,23.0,0,16.9,83,71.0,1.3,0,9.7,76.0,,,,96.0,89.0,86.0,,,,10637,159,0,3,0
2024-11-01,62.4,46.5,0.1,0,10.3,29,72.1,-9.7,0,10.0,83.0,,,,112.0,96.0,89.0,,,,10498,159,0,4,0
2024-11-02,64.5,42.0,0,0,6.5,37,69.9,-5.4,0,5.3,82.0,,,,102.0,112.0,96.0,,,,10328,159,0,5,1
2024-11-03,77.0,45.9,0,0,10.8,65,69.9,7.1,0,10.3,86.0,,,,76.0,102.0,112.0,,,,10180,159,0,6,1
2024-11-04,76.3,62.7,0,0,14.1,73,72.0,4.3,0,10.3,81.0,,,,83.0,76.0,102.0,,,,10020,159,0,0,0
2024-11-05,77.6,64.5,0,0,19.1,59,72.6,5.0,0,6.8,82.0,,,,82.0,83.0,76.0,,,,9867,159,0,1,0
2024-11-06,71.7,65.2,24.9,0,15.8,93,72.5,-0.8,0,11.0,74.0,,,,86.0,82.0,83.0,,,,9708,159,0,2,0
2024-11-07,65.0,54.5,0,0,9.1,75,71.7,-6.7,0,10.6,71.0,,,,81.0,86.0,82.0,,,,9542,159,0,3,0
2024-11-08,62.9,44.8,0,0,6.0,48,70.6,-7.7,0,10.0,75.0,,,,82.0,81.0,86.0,,,,9391,159,0,4,0
2024-11-09,64.8,48.3,0.2,0,7.3,98,70.7,-5.9,0,5.7,47.0,,,,74.0,82.0,81.0,,,,9229,159,0,5,1
2024-11-10,68.4,56.9,48.3,0,15.5,91,70.8,-2.4,0,7.4,74.0,,,,71.0,74.0,82.0,,,,9082,159,0,6,1
2024-11-11,63.3,46.7,0.1,0,9.2,4,69.5,-6.2,0,7.7,68.0,,,,75.0,71.0,74.0,,,,8933,159,1,0,1
2024-11-12,54.4,42.3,0,0,8.5,13,67.7,-13.3,0,4.1,61.0,,,,47.0,75.0,71.0,,,,8775,159,0,1,0
2024-11-13,62.6,41.6,15.3,0,10.8,94,64.4,-1.8,0,9.1,68.0,,,,74.0,47.0,75.0,,,,8634,159,0,2,0
2024-11-14,59.7,50.9,17.9,0,12.0,88,63.1,-3.4,0,6.8,74.0,,,,68.0,74.0,47.0,,,,8507,159,0,3,0
2024-11-15,55.0,49.0,0,0,7.0,100,62.3,-7.3,0,10.5,60.0,,,,61.0,68.0,74.0,,,,8356,159,0,4,0
2024-11-16,56.2,47.0,0,0,5.7,57,61.2,-5.0,0,11.7,69.0,,,,68.0,61.0,68.0,,,,8212,159,0,5,1
2024-11-17,64.5,42.5,0,0,7.2,88,59.9,4.6,0,6.0,92.0,,,,74.0,68.0,61.0,,,,8074,159,0,6,1
2024-11-18,69.1,54.2,0,0,9.4,99,59.4,9.7,0,10.5,83.0,,,,60.0,74.0,68.0,,,,7925,159,0,0,0
2024-11-19,70.7,54.7,7.7,0,10.5,60,60.2,10.5,0,13.1,94.0,,,,69.0,60.0,74.0,,,,7750,159,0,1,0
2024-11-20,53.3,45.4,0.6,0,13.6,29,62.5,-9.2,0,20.2,86.0,,,,92.0,69.0,60.0,,,,7617,159,0,2,0
2024-11-21,45.2,36.1,2.6,0.98,15.9,86,61.2,-16.0,0,11.1,70.0,,,,83.0,92.0,69.0,,,,7460,159,0,3,0
2024-11-22,46.9,35.2,1.4,0,14.6,85,59.1,-12.2,0,6.2,52.0,,,,94.0,83.0,92.0,,,,7335,159,0,4,0
2024-11-23,45.7,38.8,0,0,9.0,88,58.0,-12.3,0,21.2,58.0,,,,86.0,94.0,83.0,,,,7170,159,0,5,1
2024-11-24,58.6,35.2,0,0,8.0,76,56.5,2.1,0,26.7,70.0,,,,70.0,86.0,94.0,,,,7030,159,0,6,1
2024-11-25,66.6,50.6,6.5,0,14.7,85,55.6,11.0,0,15.9,80.0,,,,52.0,70.0,86.0,,,,6895,159,0,0,1
2024-11-26,49.8,35.7,0.1,0,10.9,55,55.3,-5.5,0,16.0,59.0,,,,58.0,52.0,70.0,,,,6739,159,0,1,1
2024-11-27,46.8,38.8,6.2,0,5.2,100,52.3,-5.5,0,12.1,36.0,,,,70.0,58.0,52.0,,,,6589,159,0,2,1
2024-11-28,45.0,36.2,4.6,0,10.7,100,51.4,-6.4,0,13.0,58.0,,,,80.0,70.0,58.0,,,,6437,159,1,3,1
2024-11-29,37.9,28.1,0,0,13.3,53,51.3,-13.4,0,4.8,74.0,,,,59.0,80.0,70.0,,,,6288,159,0,4,1
2024-11-30,36.7,22.9,1.1,0.77,8.5,66,50.1,-13.4,0,15.7,76.0,,,,36.0,59.0,80.0,,,,6139,159,0,5,1
2024-12-01,33.3,27.0,0.8,0.63,6.2,63,48.8,-15.5,0,18.3,72.0,,,,58.0,36.0,59.0,,,,5988,159,0,6,1
2024-12-02,30.7,19.5,0.4,0.28,7.1,55,45.2,-14.5,0,13.5,60.0,,,,74.0,58.0,36.0,,,,5841,159,0,0,0
2024-12-03,30.2,25.4,0,0,7.8,84,40.0,-9.8,0,9.6,60.0,,,,76.0,74.0,58.0,,,,5679,159,0,1,0
2024-12-04,47.2,23.5,2.5,0.49,14.6,43,37.2,10.0,0,10.0,72.0,,,,72.0,76.0,74.0,,,,5533,159,0,2,0
2024-12-05,44.8,18.5,0.1,0,15.1,16,37.3,7.5,0,4.8,78.0,,,,60.0,72.0,76.0,,,,5394,159,0,3,0
2024-12-06,33.2,17.6,0,0,5.6,3,37.3,-4.1,0,6.1,65.0,,,,60.0,60.0,72.0,,,,5307,159,0,4,0
2024-12-07,44.8,23.6,0,0,9.7,0,36.6,8.2,0,6.2,57.0,,,,72.0,60.0,60.0,,,,5173,159,0,5,1
2024-12-08,56.1,40.4,1.2,0,11.4,52,37.7,18.4,1,8.4,62.0,,,,78.0,72.0,60.0,,,,5050,159,0,6,1
2024-12-09,56.5,48.8,14.8,0,11.7,94,41.0,15.5,1,22.6,69.0,,,,65.0,78.0,72.0,,,,4903,159,0,0,0
2024-12-10,51.7,36.8,1.3,0,8.9,100,44.7,7.0,0,22.6,38.0,,,,57.0,65.0,78.0,,,,4777,159,0,1,0
2024-12-11,39.7,31.0,0.3,0.14,13.2,74,47.8,-8.1,0,7.7,72.0,,,,62.0,57.0,65.0,,,,4638,159,0,2,0
2024-12-12,37.8,23.6,0,0,8.8,11,46.7,-8.9,0,6.7,82.0,,,,69.0,62.0,57.0,,,,4504,159,0,3,0
2024-12-13,40.8,24.1,0,0,5.6,86,45.7,-4.9,0,13.3,44.0,,,,38.0,69.0,62.0,,,,4363,159,0,4,0
2024-12-14,52.3,30.8,4.4,0,9.3,90,46.8,5.5,0,12.3,59.0,,,,72.0,38.0,69.0,,,,4230,159,0,5,1
2024-12-15,57.4,45.0,12.6,0,11.5,81,47.8,9.6,0,10.7,82.0,,,,82.0,72.0,38.0,,,,4100,159,0,6,1
2024-12-16,60.8,49.8,24.1,0,16.0,100,48.0,12.8,0,8.1,62.0,,,,44.0,82.0,72.0,,,,3929,159,0,0,0
2024-12-17,55.8,37.8,0.2,0,9.5,39,48.6,7.2,0,11.0,72.0,,,,59.0,44.0,82.0,,,,3765,159,0,1,0
2024-12-18,45.1,39.3,12.2,0,9.6,90,49.2,-4.1,0,7.7,59.0,,,,82.0,59.0,44.0,,,,3605,159,0,2,0
2024-12-19,42.4,34.9,0,0,5.6,96,50.0,-7.6,0,15.7,57.0,,,,62.0,82.0,59.0,,,,3451,159,0,3,0
2024-12-20,38.6,33.6,1.1,0.35,14.6,84,50.7,-12.1,0,14.8,54.0,,,,72.0,62.0,82.0,,,,3337,159,0,4,0
2024-12-21,35.1,27.0,0.3,0.21,8.9,58,50.3,-15.2,0,6.0,86.0,,,,59.0,72.0,62.0,,,,3196,159,0,5,1
2024-12-22,35.2,23.3,0,0,5.4,28,47.9,-12.7,0,8.8,80.0,,,,57.0,59.0,72.0,,,,3053,159,0,6,1
2024-12-23,47.4,28.8,0,0,9.4,44,44.7,2.7,0,8.5,58.0,,,,54.0,57.0,59.0,,,,2898,159,0,0,1
2024-12-24,51.6,42.8,1.1,0,7.4,100,42.8,8.8,0,17.3,54.0,,,,86.0,54.0,57.0,,,,2739,159,0,1,1
2024-12-25,51.5,41.7,1.6,0,7.4,100,42.2,9.3,0,16.4,43.0,,,,80.0,86.0,54.0,,,,2597,159,1,2,1
2024-12-26,53.7,44.9,2.4,0,5.5,89,43.1,10.6,0,12.4,66.0,,,,58.0,80.0,86.0,,,,2466,159,0,3,1
2024-12-27,57.4,44.0,13.7,0,10.8,87,44.7,12.7,0,11.1,65.0,,,,54.0,58.0,80.0,,,,2307,159,0,4,1
2024-12-28,61.9,53.2,4.6,0,12.0,100,47.4,14.5,0,6.6,58.0,,,,43.0,54.0,58.0,,,,2174,159,0,5,1
2024-12-29,62.2,46.4,17.5,0,21.8,96,51.2,11.0,0,6.1,93.0,,,,66.0,43.0,54.0,,,,2033,159,0,6,1
2024-12-30,54.0,45.1,0.1,0,8.2,87,55.1,-1.1,0,10.3,69.0,,,,65.0,66.0,43.0,,,,1877,159,0,0,1
2024-12-31,52.2,40.5,8.5,0,16.5,90,56.0,-3.8,0,9.5,78.0,,,,58.0,65.0,66.0,,,,1698,159,0,1,1
2025-01-01,40.2,33.7,0.1,0,11.9,97,56.1,-15.9,0,4.6,66.0,,,,93.0,58.0,65.0,,,,56085,159,1,2,1
2025-01-02,41.7,29.3,0,0,7.7,60,54.5,-12.8,0,12.8,67.0,,,,69.0,93.0,58.0,,,,55969,159,0,3,1
2025-01-03,38.8,27.4,1.2,0,13.9,47,52.8,-14.0,0,13.4,62.0,,,,78.0,69.0,93.0,,,,55811,159,0,4,1
2025-01-04,32.2,20.5,0,0,11.2,35,50.1,-17.9,0,12.0,70.0,,,,66.0,78.0,69.0,,,,55650,159,0,5,1
2025-01-05,30.2,26.1,30.8,12.04,12.5,100,45.9,-15.7,0,12.8,64.0,,,,67.0,66.0,78.0,,,,55498,159,0,6,1
2025-01-06,31.2,24.3,9.6,1.89,13.6,96,41.3,-10.1,0,11.6,73.0,,,,62.0,67.0,66.0,,,,55357,159,0,0,0
2025-01-07,28.8,12.6,0,0,7.7,83,38.1,-9.3,0,12.3,76.0,,,,70.0,62.0,67.0,,,,55196,159,0,1,0
2025-01-08,26.2,16.8,0,0,7.1,88,34.7,-8.5,0,15.4,80.0,,,,64.0,70.0,62.0,,,,55046,159,0,2,0
2025-01-09,20.4,9.4,0,0,6.1,86,32.7,-12.3,0,31.8,68.0,,,,73.0,64.0,70.0,,,,54860,159,0,3,0
2025-01-10,27.8,11.8,6.1,4.27,4.3,100,29.7,-1.9,0,26.7,70.0,,,,76.0,73.0,64.0,,,,54742,159,0,4,0
2025-01-11,32.0,23.2,0.1,0.07,9.0,82,28.1,3.9,0,19.3,80.0,,,,80.0,76.0,73.0,,,,54563,159,0,5,1
2025-01-12,36.8,19.9,0,0,9.8,30,28.1,8.7,0,16.9,93.0,,,,68.0,80.0,76.0,,,,54455,159,0,6,1
2025-01-13,35.2,16.3,0.2,0,7.8,38,29.0,6.2,0,15.0,83.0,,,,70.0,68.0,80.0,,,,54348,159,0,0,0
2025-01-14,33.2,9.2,0,0,12.5,8,29.6,3.6,0,19.1,86.0,,,,80.0,70.0,68.0,,,,54281,159,0,1,0
2025-01-15,22.5,1.5,0,0,6.4,11,30.2,-7.7,0,24.4,75.0,,,,93.0,80.0,70.0,,,,54173,159,0,2,0
2025-01-16,37.1,20.7,0,0,12.7,26,29.7,7.4,0,23.6,85.0,,,,83.0,93.0,80.0,,,,54074,159,0,3,0
2025-01-17,45.0,22.5,0.1,0,8.3,44,32.1,12.9,0,22.4,82.0,,,,86.0,83.0,93.0,,,,53957,159,0,4,0
2025-01-18,43.2,32.4,10.1,0,14.9,100,34.5,8.7,0,10.7,73.0,,,,75.0,86.0,83.0,,,,53836,159,0,5,1
2025-01-19,31.6,10.0,0.8,0.56,12.0,95,36.1,-4.5,0,7.6,73.0,,,,85.0,75.0,86.0,,,,53736,159,0,6,1
2025-01-20,15.8,3.3,0,0,11.1,17,35.4,-19.6,0,10.9,76.0,,,,82.0,85.0,75.0,,,,53641,159,1,0,1
2025-01-21,14.5,4.8,0,0,9.4,67,32.6,-18.1,0,14.2,75.0,,,,73.0,82.0,85.0,,,,53516,159,0,1,0
2025-01-22,26.9,3.6,0,0,7.9,47,30.0,-3.1,0,8.5,70.0,,,,73.0,73.0,82.0,,,,53391,159,0,2,0
2025-01-23,38.5,20.6,0.1,0.07,12.0,52,30.6,7.9,0,6.4,77.0,,,,76.0,73.0,73.0,,,,53239,159,0,3,0
2025-01-24,28.7,17.1,0,0,8.1,36,30.8,-2.1,0,14.6,82.0,,,,75.0,76.0,73.0,,,,53118,159,0,4,0
2025-01-25,45.5,23.1,0,0,9.5,61,28.5,17.0,1,13.3,74.0,,,,70.0,75.0,76.0,,,,52986,159,0,5,1
2025-01-26,43.7,30.4,0,0,6.1,96,28.8,14.9,0,22.9,75.0,,,,77.0,70.0,75.0,,,,52851,159,0,6,1
2025-01-27,39.4,24.1,0,0,9.3,6,30.5,8.9,0,20.4,77.0,,,,82.0,77.0,70.0,,,,52730,159,0,0,0
2025-01-28,47.3,30.8,0,0,11.3,12,33.9,13.4,0,6.5,65.0,,,,74.0,82.0,77.0,,,,52592,159,0,1,0
2025-01-29,50.2,34.1,0,0,11.9,0,38.6,11.6,0,15.1,83.0,,,,75.0,74.0,82.0,,,,52452,159,0,2,0
2025-01-30,47.4,29.0,22.9,0,11.4,68,41.9,5.5,0,21.7,63.0,,,,77.0,75.0,74.0,,,,52349,159,0,3,0
2025-01-31,60.0,42.9,11.9,0,13.2,73,43.2,16.8,1,11.1,75.0,,,,65.0,77.0,75.0,,,,52209,159,0,4,0
2025-02-01,44.1,31.9,0,0,10.7,23,47.6,-3.5,0,9.1,70.0,,,,83.0,65.0,77.0,,,,52041,159,0,5,1
2025-02-02,59.7,31.6,0,0,9.4,87,47.4,12.3,0,17.6,80.0,,,,63.0,83.0,65.0,,,,51926,159,0,6,1
2025-02-03,67.3,45.2,0,0,11.4,48,49.7,17.6,1,16.3,102.0,,,,75.0,63.0,83.0,,,,51803,159,0,0,0
2025-02-04,58.8,38.6,0,0,10.9,77,53.7,5.1,0,14.8,82.0,,,,70.0,75.0,63.0,,,,51686,159,0,1,0
2025-02-05,42.6,35.6,6.5,0,7.4,100,55.4,-12.8,0,15.3,52.0,,,,80.0,70.0,75.0,,,,51549,159,0,2,0
2025-02-06,55.2,38.7,2.0,0,11.3,57,54.3,0.9,0,17.5,59.0,,,,102.0,80.0,70.0,,,,51427,159,0,3,0
2025-02-07,44.5,31.3,1.5,0,5.6,40,55.4,-10.9,0,4.7,73.0,,,,82.0,102.0,80.0,,,,51279,159,0,4,0
2025-02-08,64.0,37.9,6.8,0.49,14.9,99,53.2,10.8,0,13.6,54.0,,,,52.0,82.0,102.0,,,,51144,159,0,5,1
2025-02-09,40.4,32.6,0.2,0.14,10.2,100,56.0,-15.6,0,9.7,79.0,,,,59.0,52.0,82.0,,,,50994,159,0,6,1
2025-02-10,41.6,28.0,0,0,6.5,92,53.3,-11.7,0,10.5,79.0,,,,73.0,59.0,52.0,,,,50843,159,0,0,0
2025-02-11,36.0,32.2,10.4,5.88,10.4,100,49.6,-13.6,0,8.6,68.0,,,,54.0,73.0,59.0,,,,50704,159,0,1,0
2025-02-12,45.7,33.1,4.2,0,8.7,100,46.3,-0.6,0,6.7,59.0,,,,79.0,54.0,73.0,,,,50552,159,0,2,0
2025-02-13,41.2,25.2,2.1,0,11.0,78,46.8,-5.6,0,14.8,77.0,,,,79.0,79.0,54.0,,,,50426,159,0,3,0
2025-02-14,37.8,19.5,0,0,6.8,37,44.8,-7.0,0,15.1,82.0,,,,68.0,79.0,79.0,,,,50300,159,0,4,0
2025-02-15,46.9,36.0,39.5,0,5.9,100,43.8,3.1,0,,,,,,59.0,68.0,79.0,,,,50177,159,0,5,1
2025-02-16,44.0,25.4,41.0,2.66,16.7,100,41.4,2.6,0,5.7,82.0,,,,77.0,59.0,68.0,,,,50027,159,0,6,1
2025-02-17,25.3,15.6,0,0,11.6,66,41.9,-16.6,0,7.3,93.0,,,,82.0,77.0,59.0,,,,49911,159,1,0,1
2025-02-18,21.8,17.3,2.7,1.89,8.8,99,39.6,-17.8,0,9.5,85.0,,,,63.0,82.0,77.0,,,,49748,159,0,1,0
2025-02-19,22.0,15.7,3.6,2.52,10.6,98,37.5,-15.5,0,9.1,86.0,,,,82.0,63.0,82.0,,,,49624,159,0,2,0
2025-02-20,19.2,9.7,0.3,0.21,10.9,67,34.1,-14.9,0,13.8,88.0,,,,93.0,82.0,63.0,,,,49478,159,0,3,0
2025-02-21,30.0,8.2,0,0,5.3,0,31.0,-1.0,0,41.8,89.0,,,,85.0,93.0,82.0,,,,49332,159,0,4,0
2025-02-22,36.7,15.4,0,0,5.7,32,29.9,6.8,0,43.4,92.0,,,,86.0,85.0,93.0,,,,49201,159,0,5,1
2025-02-23,45.1,21.9,0,0,5.9,15,28.4,16.7,1,40.6,123.0,,,,88.0,86.0,85.0,,,,49082,159,0,6,1
2025-02-24,54.2,30.9,0,0,10.6,61,28.6,25.6,1,25.3,109.0,,,,89.0,88.0,86.0,,,,48954,159,0,0,0
2025-02-25,63.3,35.2,0.6,0,7.8,28,32.7,30.6,1,13.5,90.0,,,,92.0,89.0,88.0,,,,48832,159,0,1,0
2025-02-26,66.8,32.5,0,0,11.3,61,38.6,28.2,1,17.8,114.0,,,,123.0,92.0,89.0,,,,48697,159,0,2,0
2025-02-27,57.7,39.3,5.3,0,13.9,40,45.0,12.7,0,13.7,90.0,,,,109.0,123.0,92.0,,,,48602,159,0,3,0
2025-02-28,60.9,33.7,0,0,15.8,16,50.5,10.4,0,5.1,98.0,,,,90.0,109.0,123.0,,,,48505,159,0,4,0
2025-03-01,56.5,28.0,0,0,12.1,33,55.0,1.5,0,8.1,93.0,,,,114.0,90.0,109.0,,,,48381,159,0,5,1
2025-03-02,37.5,22.4,0,0,5.7,6,57.8,-20.3,0,13.0,91.0,,,,90.0,114.0,90.0,,,,48259,159,0,6,1
2025-03-03,51.6,26.8,0,0,6.1,27,56.7,-5.1,0,13.4,90.0,,,,98.0,90.0,114.0,,,,48127,159,0,0,0
2025-03-04,63.6,41.7,2.2,0,15.1,100,56.3,7.3,0,9.6,105.0,,,,93.0,98.0,90.0,,,,47965,159,0,1,0
2025-03-05,60.3,33.5,7.4,0.21,21.7,82,56.4,3.9,0,9.8,102.0,,,,91.0,93.0,98.0,,,,47824,159,0,2,0
2025-03-06,45.3,32.7,0.2,0.14,13.0,66,55.4,-10.1,0,8.5,97.0,,,,90.0,91.0,93.0,,,,47694,159,0,3,0
2025-03-07,55.9,33.7,0.3,0,8.9,84,53.7,2.2,0,20.7,101.0,,,,105.0,90.0,91.0,,,,47545,159,0,4,0
2025-03-08,50.2,38.8,6.7,0,10.1,53,53.0,-2.8,0,28.5,101.0,,,,102.0,105.0,90.0,,,,47393,159,0,5,1
2025-03-09,56.8,35.2,0,0,5.7,45,52.1,4.7,0,18.6,103.0,,,,97.0,102.0,105.0,,,,47220,159,0,6,1
2025-03-10,63.6,34.0,0,0,6.2,0,54.8,8.8,0,18.2,111.0,,,,101.0,97.0,102.0,,,,47092,159,0,0,0
2025-03-11,71.6,44.2,0,0,9.8,0,56.5,15.1,1,9.2,117.0,,,,101.0,101.0,97.0,,,,46953,159,0,1,0
2025-03-12,73.4,47.8,0,0,8.6,46,57.7,15.7,1,9.0,128.0,,,,103.0,101.0,101.0,,,,46830,159,0,2,0
2025-03-13,73.4,48.7,0.5,0,5.4,55,59.5,13.9,0,12.4,115.0,,,,111.0,103.0,101.0,,,,46685,159,0,3,0
2025-03-14,75.7,50.8,0,0,14.5,55,63.6,12.1,0,11.7,116.0,,,,117.0,111.0,103.0,,,,46566,159,0,4,0
2025-03-15,69.1,57.6,30.0,0,18.8,100,66.4,2.7,0,15.5,113.0,,,,128.0,117.0,111.0,,,,46408,159,0,5,1
2025-03-16,60.3,38.1,5.6,0,12.2,91,69.1,-8.8,0,12.6,94.0,,,,115.0,128.0,117.0,,,,46219,159,0,6,1
2025-03-17,51.6,33.2,0,0,8.3,37,69.6,-18.0,0,10.9,95.0,,,,116.0,115.0,128.0,,,,46046,159,0,0,0
2025-03-18,71.5,41.6,0,0,11.3,41,67.9,3.6,0,6.2,117.0,,,,113.0,116.0,115.0,,,,45907,159,0,1,0
2025-03-19,66.1,55.9,1.1,0,17.4,92,67.9,-1.8,0,7.6,112.0,,,,94.0,113.0,116.0,,,,45748,159,0,2,0
2025-03-20,60.3,40.5,0.8,0,15.1,79,66.8,-6.5,0,11.1,97.0,,,,95.0,94.0,113.0,,,,45602,159,0,3,0
2025-03-21,55.8,32.2,0,0,10.9,49,64.9,-9.1,0,13.2,93.0,,,,117.0,95.0,94.0,,,,45472,159,0,4,0
2025-03-22,55.8,42.3,0,0,12.3,32,62.1,-6.3,0,10.4,102.0,,,,112.0,117.0,95.0,,,,45372,159,0,5,1
2025-03-23,59.3,39.2,14.7,0,12.8,94,60.2,-0.9,0,15.1,95.0,,,,97.0,112.0,117.0,,,,45233,159,0,6,1
2025-03-24,57.2,39.4,0,0,14.5,53,60.1,-2.9,0,13.9,107.0,,,,93.0,97.0,112.0,,,,45131,159,0,0,0
2025-03-25,53.6,41.1,5.3,0,8.2,71,60.9,-7.3,0,17.1,98.0,,,,102.0,93.0,97.0,,,,44984,159,0,1,0
2025-03-26,55.8,36.5,0,0,9.2,47,58.3,-2.5,0,18.7,107.0,,,,95.0,102.0,93.0,,,,44860,159,0,2,0
2025-03-27,61.3,40.6,0,0,7.6,80,56.8,4.5,0,24.0,99.0,,,,107.0,95.0,102.0,,,,44734,159,0,3,0
2025-03-28,77.5,52.8,0.2,0,14.4,80,57.0,20.5,1,12.1,115.0,,,,98.0,107.0,95.0,,,,44603,159,0,4,0
2025-03-29,74.8,60.9,3.8,0,14.0,97,60.1,14.7,0,16.3,112.0,,,,107.0,98.0,107.0,,,,44456,159,0,5,1
2025-03-30,76.0,60.3,31.7,0,14.7,96,62.8,13.2,0,11.1,90.0,,,,99.0,107.0,98.0,,,,44301,159,0,6,1
2025-03-31,59.8,44.4,2.3,0,10.9,98,65.2,-5.4,0,12.6,72.0,,,,115.0,99.0,107.0,,,,44183,159,0,0,1
2025-04-01,55.6,35.9,0,0,8.5,49,65.5,-9.9,0,13.4,87.0,,,,112.0,115.0,99.0,,,,44016,159,0,1,1
2025-04-02,79.0,49.3,10.7,0,22.8,94,65.8,13.2,0,8.9,85.0,,,,90.0,112.0,115.0,,,,43870,159,0,2,1
2025-04-03,69.0,53.3,43.9,0,26.4,100,69.1,-0.1,0,17.8,101.0,,,,72.0,90.0,112.0,,,,43726,159,0,3,1
2025-04-04,68.4,52.4,31.1,0,10.0,100,70.2,-1.8,0,13.1,86.0,,,,87.0,72.0,90.0,,,,43570,159,0,4,1
2025-04-05,70.1,51.0,37.6,0,11.7,100,68.9,1.2,0,8.2,63.0,,,,85.0,87.0,72.0,,,,43429,159,0,5,1
2025-04-06,49.9,41.9,18.8,0,11.8,100,68.3,-18.4,0,15.3,76.0,,,,101.0,85.0,87.0,,,,43261,159,0,6,1
2025-04-07,58.9,37.0,0,0,14.2,46,64.5,-5.6,0,18.5,106.0,,,,86.0,101.0,85.0,,,,43120,159,0,0,0
2025-04-08,45.5,27.5,0,0,12.1,0,64.4,-18.9,0,12.1,94.0,,,,63.0,86.0,101.0,,,,42959,159,0,1,0
2025-04-09,56.5,33.1,0,0,7.1,64,63.0,-6.5,0,13.2,91.0,,,,76.0,63.0,86.0,,,,42784,159,0,2,0
2025-04-10,68.0,46.5,4.7,0,9.2,68,59.8,8.2,0,10.9,111.0,,,,106.0,76.0,63.0,,,,42642,159,0,3,0
2025-04-11,53.0,41.9,5.5,0,10.0,72,59.6,-6.6,0,11.8,107.0,,,,94.0,106.0,76.0,,,,42512,159,0,4,0
2025-04-12,58.4,36.1,0,0,5.9,16,57.4,1.0,0,15.7,116.0,,,,91.0,94.0,106.0,,,,42380,159,0,5,1
2025-04-13,64.5,42.3,0.4,0,10.3,87,55.7,8.8,0,17.4,106.0,,,,111.0,91.0,94.0,,,,42252,159,0,6,1
2025-04-14,77.5,59.1,0.2,0,12.2,74,57.8,19.7,1,10.0,113.0,,,,107.0,111.0,91.0,,,,42151,159,0,0,0
2025-04-15,57.1,47.7,0,0,17.8,43,60.5,-3.4,0,8.5,81.0,,,,116.0,107.0,111.0,,,,41954,159,0,1,0
2025-04-16,62.0,42.4,0,0,8.1,27,62.1,-0.1,0,7.8,105.0,,,,106.0,116.0,107.0,,,,41789,159,0,2,0
2025-04-17,65.8,42.3,0.2,0,8.9,54,62.9,2.9,0,7.6,90.0,,,,113.0,106.0,116.0,,,,41648,159,0,3,0
2025-04-18,77.1,56.2,0.2,0,16.3,48,62.6,14.5,0,6.1,108.0,,,,81.0,113.0,106.0,,,,41497,159,0,4,0
2025-04-19,77.1,65.6,1.9,0,12.1,99,66.1,11.0,0,8.6,97.0,,,,105.0,81.0,113.0,,,,41367,159,0,5,1
2025-04-20,79.9,57.2,0,0,9.9,97,68.7,11.2,0,16.2,103.0,,,,90.0,105.0,81.0,,,,41220,159,0,6,1
2025-04-21,73.8,59.5,2.1,0,15.2,98,70.9,2.9,0,17.5,111.0,,,,108.0,90.0,105.0,,,,41071,159,0,0,0
2025-04-22,70.8,49.9,0,0,4.6,82,70.4,0.4,0,15.5,113.0,,,,97.0,108.0,90.0,,,,40907,159,0,1,0
2025-04-23,77.5,50.8,0,0,6.0,63,72.4,5.1,0,14.7,113.0,,,,103.0,97.0,108.0,,,,40756,159,0,2,0
2025-04-24,80.2,58.9,12.8,0,8.7,74,74.6,5.6,0,12.2,107.0,,,,111.0,103.0,97.0,,,,40626,159,0,3,0
2025-04-25,72.6,61.2,14.9,0,9.4,99,76.6,-4.0,0,16.6,81.0,,,,113.0,111.0,103.0,,,,40488,159,0,4,0
2025-04-26,62.8,49.2,0,0,10.3,62,76.0,-13.2,0,16.8,105.0,,,,113.0,113.0,111.0,,,,40331,159,1,5,1
2025-04-27,64.9,49.2,0,0,8.8,75,73.9,-9.0,0,13.9,99.0,,,,107.0,113.0,113.0,,,,40152,159,0,6,1
2025-04-28,82.1,51.8,0,0,8.4,19,71.8,10.3,0,5.6,120.0,,,,81.0,107.0,113.0,,,,40008,159,0,0,0
2025-04-29,79.9,64.4,9.1,0,11.8,77,73.0,6.9,0,15.9,103.0,,,,105.0,81.0,107.0,,,,39842,159,0,1,0
2025-04-30,80.3,60.5,1.4,0,7.4,84,74.3,6.0,0,11.7,95.0,,,,99.0,105.0,81.0,,,,39694,159,0,2,0
2025-05-01,74.8,65.3,9.1,0,12.7,85,74.7,0.1,0,13.7,85.0,,,,120.0,99.0,105.0,,,,39519,159,0,3,0
2025-05-02,76.3,60.3,9.0,0,12.1,73,73.9,2.4,0,11.6,94.0,,,,103.0,120.0,99.0,,,,39371,159,1,4,1
2025-05-03,62.2,55.7,25.0,0,10.6,100,74.4,-12.2,0,10.1,71.0,,,,95.0,103.0,120.0,,,,39237,159,1,5,1
2025-05-04,55.2,49.5,15.5,0,9.4,100,74.4,-19.2,0,7.2,60.0,,,,85.0,95.0,103.0,,,,39091,159,0,6,1
2025-05-05,58.6,47.5,2.9,0,6.8,83,73.0,-14.4,0,22.5,80.0,,,,94.0,85.0,95.0,,,,38941,159,0,0,0
2025-05-06,66.8,48.7,0,0,6.2,68,69.6,-2.8,0,23.6,102.0,,,,71.0,94.0,85.0,,,,38778,159,0,1,0
2025-05-07,70.8,51.9,0.1,0,4.9,90,67.7,3.1,0,21.2,128.0,,,,60.0,71.0,94.0,,,,38598,159,0,2,0
2025-05-08,70.7,54.6,8.8,0,7.5,78,66.4,4.3,0,23.1,101.0,,,,80.0,60.0,71.0,,,,38433,159,0,3,0
2025-05-09,65.8,48.7,0,0,8.4,20,65.8,0.0,0,14.6,112.0,,,,102.0,80.0,60.0,,,,38276,159,0,4,0
2025-05-10,69.7,48.2,0,0,6.0,95,64.3,5.4,0,16.1,111.0,,,,128.0,102.0,80.0,,,,38110,159,0,5,1
2025-05-11,76.6,52.2,0,0,8.1,69,65.4,11.2,0,16.7,114.0,,,,101.0,128.0,,,,,37931,159,0,6,1
2025-05-12,75.7,61.8,13.0,0,11.4,92,68.4,7.3,0,9.5,77.0,,,,112.0,101.0,128.0,,,,37759,159,0,0,0
2025-05-13,75.8,61.3,3.0,0,6.2,91,70.9,4.9,0,11.0,105.0,,,,111.0,112.0,101.0,,,,37578,159,0,1,0
2025-05-14,78.9,59.6,0.1,0,6.5,33,72.2,6.7,0,11.6,122.0,,,,114.0,111.0,112.0,,,,37442,159,0,2,0
2025-05-15,84.1,65.8,0.3,0,13.0,71,73.3,10.8,0,13.5,116.0,,,,77.0,114.0,111.0,,,,37279,159,0,3,0
2025-05-16,80.6,66.0,10.6,0,16.1,81,75.2,5.4,0,11.7,106.0,,,,105.0,77.0,114.0,,,,37127,159,0,4,0
2025-05-17,74.1,63.0,0,0,14.5,33,77.3,-3.2,0,11.9,104.0,,,,122.0,105.0,77.0,,,,36967,159,0,5,1
2025-05-18,74.8,57.4,0,0,5.8,52,78.0,-3.2,0,4.6,99.0,,,,116.0,122.0,105.0,,,,36837,159,0,6,1
2025-05-19,79.4,58.1,0,0,6.7,95,77.7,1.7,0,6.0,111.0,,,,106.0,116.0,122.0,,,,36705,159,0,0,0
2025-05-20,75.9,61.1,17.2,0,10.1,88,78.2,-2.3,0,7.9,77.0,,,,104.0,106.0,116.0,,,,36557,159,0,1,0
2025-05-21,67.6,60.3,0,0,15.2,45,78.3,-10.7,0,14.1,87.0,,,,99.0,104.0,106.0,,,,36411,159,0,2,0
2025-05-22,62.7,53.1,0.7,0,14.8,44,76.6,-13.9,0,17.9,76.0,,,,111.0,99.0,104.0,,,,36247,159,0,3,0
2025-05-23,65.9,46.8,0,0,8.2,35,73.6,-7.7,0,20.7,91.0,,,,77.0,111.0,99.0,,,,36074,159,0,4,0
2025-05-24,70.7,50.4,0,0,5.5,64,71.5,-0.8,0,20.3,116.0,,,,87.0,77.0,111.0,,,,35899,159,0,5,1
2025-05-25,69.9,54.0,1.0,0,9.8,71,71.0,-1.1,0,16.8,87.0,,,,76.0,87.0,77.0,,,,35758,159,0,6,1
2025-05-26,71.9,53.5,0,0,11.6,89,70.3,1.6,0,15.0,105.0,,,,91.0,76.0,87.0,,,,35599,159,1,0,1
2025-05-27,68.9,59.5,1.0,0,8.5,100,69.2,-0.3,0,15.0,72.0,,,,116.0,91.0,76.0,,,,35417,159,0,1,0
2025-05-28,75.6,59.5,8.6,0,7.1,86,68.2,7.4,0,21.0,112.0,,,,87.0,116.0,91.0,,,,35271,159,0,2,0
2025-05-29,77.0,59.7,0.9,0,7.6,90,69.4,7.6,0,32.4,125.0,,,,105.0,87.0,116.0,,,,35084,159,0,3,0
2025-05-30,68.0,59.2,28.8,0,11.8,75,71.4,-3.4,0,20.6,112.0,,,,72.0,105.0,87.0,,,,34935,159,0,4,0
2025-05-31,75.6,60.5,0.2,0,10.6,27,71.7,3.9,0,40.5,115.0,,,,112.0,72.0,105.0,,,,34757,159,0,5,1
2025-06-01,72.6,53.9,0,0,5.7,33,72.4,0.2,0,32.7,122.0,,,,125.0,112.0,72.0,,,,34603,159,0,6,1
2025-06-02,78.3,53.9,0,0,3.8,16,72.8,5.5,0,37.4,132.0,,,,112.0,125.0,112.0,,,,34443,159,0,0,0
2025-06-03,87.7,58.6,0,0,9.7,29,73.7,14.0,0,22.3,138.0,,,,115.0,112.0,125.0,,,,34272,159,0,1,0
2025-06-04,88.0,69.0,0,0,8.7,70,76.4,11.6,0,29.8,141.0,,,,122.0,115.0,112.0,,,,34104,159,0,2,1
2025-06-05,84.2,71.2,4.5,0,6.9,84,78.2,6.0,0,26.0,99.0,,,,132.0,122.0,115.0,,,,33947,159,0,3,1
2025-06-06,84.1,68.4,15.8,0,8.7,76,79.2,4.9,0,32.4,111.0,,,,138.0,132.0,122.0,,,,33784,159,0,4,1
2025-06-07,78.6,65.0,11.9,0,5.2,84,81.5,-2.9,0,27.0,120.0,,,,141.0,138.0,132.0,,,,33575,159,0,5,1
2025-06-08,78.9,65.2,0.8,0,12.3,37,81.9,-3.0,0,15.5,109.0,,,,99.0,141.0,138.0,,,,33406,159,0,6,1
2025-06-09,74.3,66.2,6.7,0,6.9,67,82.8,-8.5,0,19.2,114.0,,,,111.0,99.0,141.0,,,,33217,159,0,0,1
2025-06-10,77.7,60.1,0,0,8.7,10,82.3,-4.6,0,21.8,121.0,,,,120.0,111.0,99.0,,,,33042,159,0,1,1
2025-06-11,82.3,59.8,0,0,2.8,42,80.8,1.5,0,36.6,156.0,,,,109.0,120.0,111.0,,,,32881,159,0,2,1
2025-06-12,84.4,64.5,0,0,4.1,95,80.0,4.4,0,46.0,135.0,,,,114.0,109.0,120.0,,,,32706,159,0,3,1
2025-06-13,77.5,70.1,12.3,0,10.3,100,80.0,-2.5,0,24.8,133.0,,,,121.0,114.0,109.0,,,,32533,159,0,4,1
2025-06-14,83.3,69.5,3.9,0,6.9,93,79.1,4.2,0,,,,,,156.0,121.0,114.0,,,,32370,159,0,5,1
2025-06-15,82.9,69.1,3.8,0,6.4,93,79.8,3.1,0,25.4,128.0,,,,135.0,156.0,121.0,,,,32207,159,0,6,1
2025-06-16,86.0,69.5,5.9,0,6.2,98,80.3,5.7,0,27.4,154.0,,,,133.0,135.0,156.0,,,,32047,159,0,0,1
2025-06-17,82.4,70.2,17.8,0,9.1,98,82.0,0.4,0,10.9,72.0,,,,94.0,133.0,135.0,,,,31888,159,0,1,1
2025-06-18,85.4,71.1,10.4,0,12.9,82,82.7,2.7,0,13.5,101.0,,,,128.0,94.0,133.0,,,,31743,159,0,2,1
2025-06-19,80.4,69.9,3.0,0,10.8,44,83.1,-2.7,0,14.8,113.0,,,,154.0,128.0,94.0,,,,31602,159,0,3,1
2025-06-20,85.4,66.7,0.1,0,5.4,29,82.6,2.8,0,15.5,139.0,,,,72.0,154.0,128.0,,,,31441,159,0,4,1
2025-06-21,91.7,69.9,0,0,7.5,6,83.7,8.0,0,21.1,135.0,,,,101.0,72.0,154.0,,,,31289,159,0,5,1
2025-06-22,94.0,75.0,0,0,6.9,6,84.9,9.1,0,17.7,126.0,,,,113.0,101.0,72.0,,,,31147,159,0,6,1
2025-06-23,96.6,74.8,0,0,4.7,13,86.5,10.1,0,16.1,158.0,,,,139.0,113.0,101.0,,,,30993,159,0,0,1
2025-06-24,98.2,77.8,0,0,5.3,13,88.0,10.2,0,18.7,173.0,,,,135.0,139.0,113.0,,,,30786,159,0,1,1
2025-06-25,95.2,77.2,1.3,0,4.9,27,90.2,5.0,0,23.0,171.0,,,,126.0,135.0,139.0,,,,30634,159,0,2,1
2025-06-26,94.8,78.1,2.6,0,8.3,51,91.6,3.2,0,30.7,165.0,,,,158.0,126.0,135.0,,,,30496,159,0,3,1
2025-06-27,91.6,75.7,2.0,0,9.7,58,93.7,-2.1,0,19.6,149.0,,,,173.0,158.0,126.0,,,,30340,159,0,4,1
2025-06-28,89.2,72.9,1.6,0,10.8,57,94.6,-5.4,0,17.9,145.0,,,,171.0,173.0,158.0,,,,30178,159,0,5,1
2025-06-29,87.3,73.0,0.9,0,7.3,68,94.2,-6.9,0,14.0,133.0,,,,165.0,171.0,173.0,,,,30017,159,0,6,1
2025-06-30,85.9,73.1,5.2,0,8.7,73,93.3,-7.4,0,18.1,119.0,,,,149.0,165.0,171.0,,,,29843,159,0,0,1
2025-07-01,83.8,73.2,3.3,0,7.7,50,91.7,-7.9,0,18.9,120.0,,,,145.0,149.0,165.0,,,,29678,159,0,1,1
2025-07-02,86.0,68.2,0,0,5.7,13,89.7,-3.7,0,12.5,114.0,,,,133.0,145.0,149.0,,,,29505,159,0,2,1
2025-07-03,87.0,69.2,0.1,0,3.2,18,88.4,-1.4,0,20.0,129.0,,,,119.0,133.0,145.0,,,,29328,159,0,3,1
2025-07-04,89.0,70.5,0,0,3.8,20,87.3,1.7,0,30.2,136.0,,,,120.0,119.0,133.0,,,,29166,159,1,4,1
2025-07-05,94.0,71.8,0,0,6.3,28,86.9,7.1,0,12.1,142.0,,,,114.0,120.0,119.0,,,,29014,159,0,5,1
2025-07-06,92.6,75.1,0,0,8.0,18,87.6,5.0,0,13.0,168.0,,,,,114.0,120.0,,,,28839,159,0,6,1
2025-07-07,86.2,75.2,7.0,0,9.3,46,88.3,-2.1,0,21.2,125.0,,,,136.0,129.0,114.0,,,,28680,159,0,0,1
2025-07-08,87.0,70.7,0.2,0,4.8,83,88.4,-1.4,0,15.9,138.0,,,,142.0,136.0,129.0,,,,28527,159,0,1,1
2025-07-09,82.7,71.8,5.6,0,6.4,93,88.8,-6.1,0,27.4,134.0,,,,168.0,142.0,136.0,,,,28311,159,0,2,1
2025-07-10,87.3,70.4,0.3,0,3.7,12,88.4,-1.1,0,27.8,144.0,,,,125.0,168.0,142.0,,,,28140,159,0,3,1
2025-07-11,92.3,71.6,0.1,0,5.4,11,88.4,3.9,0,14.8,168.0,,,,138.0,125.0,168.0,,,,27992,159,0,4,1
2025-07-12,93.1,75.7,0.3,0,11.3,29,88.9,4.2,0,18.2,125.0,,,,134.0,138.0,125.0,,,,27846,159,0,5,1
2025-07-13,90.3,72.9,7.8,0,10.3,55,88.7,1.6,0,20.0,148.0,,,,144.0,134.0,138.0,,,,27679,159,0,6,1
2025-07-14,86.4,72.9,2.7,0,4.6,89,88.4,-2.0,0,22.3,135.0,,,,168.0,144.0,134.0,,,,27498,159,0,0,1
2025-07-15,86.5,73.0,16.6,0,10.6,79,88.4,-1.9,0,20.5,120.0,,,,125.0,168.0,144.0,,,,27329,159,0,1,1
2025-07-16,88.3,72.8,7.4,0,10.5,61,88.4,-0.1,0,12.5,128.0,,,,148.0,125.0,168.0,,,,27140,159,0,2,1
2025-07-17,86.1,74.6,6.0,0,9.5,74,89.2,-3.1,0,19.4,135.0,,,,135.0,148.0,125.0,,,,26976,159,0,3,1
2025-07-18,86.4,72.8,4.4,0,5.3,88,89.0,-2.6,0,22.2,146.0,,,,120.0,135.0,148.0,,,,26830,159,0,4,1
2025-07-19,86.1,73.8,8.3,0,7.2,90,88.2,-2.1,0,18.8,116.0,,,,128.0,120.0,135.0,,,,26647,159,0,5,1
2025-07-20,88.2,74.5,8.8,0,7.6,86,87.2,1.0,0,18.6,153.0,,,,135.0,128.0,120.0,,,,26467,159,0,6,1
2025-07-21,85.2,73.3,7.2,0,8.4,86,86.9,-1.7,0,22.8,137.0,,,,146.0,135.0,128.0,,,,26294,159,0,0,1
2025-07-22,87.0,70.1,0,0,5.9,33,86.7,0.3,0,20.7,136.0,,,,116.0,146.0,135.0,,,,26128,159,0,1,1
2025-07-23,90.0,69.9,0,0,4.3,23,86.8,3.2,0,16.2,153.0,,,,153.0,116.0,146.0,,,,25986,159,0,2,1
2025-07-24,92.9,74.5,1.3,0,6.7,35,87.0,5.9,0,14.6,163.0,,,,137.0,153.0,116.0,,,,25831,159,0,3,1
2025-07-25,92.4,76.1,0.2,0,4.9,28,88.0,4.4,0,11.8,165.0,,,,136.0,137.0,153.0,,,,25683,159,0,4,1
2025-07-26,90.8,76.9,8.3,0,6.8,45,88.8,2.0,0,10.7,122.0,,,,153.0,136.0,137.0,,,,25530,159,0,5,1
2025-07-27,92.9,77.3,0.6,0,7.0,36,89.5,3.4,0,14.2,126.0,,,,163.0,153.0,136.0,,,,25404,159,0,6,1
2025-07-28,93.7,75.6,9.6,0,7.7,54,90.2,3.5,0,14.7,157.0,,,,165.0,163.0,153.0,,,,25251,159,0,0,1
2025-07-29,92.3,76.5,0.2,0,6.3,26,91.4,0.9,0,12.1,138.0,,,,122.0,165.0,163.0,,,,25076,159,0,1,1
2025-07-30,93.6,75.7,0,0,5.1,4,92.1,1.5,0,31.0,144.0,,,,126.0,122.0,165.0,,,,24889,159,0,2,1
2025-07-31,87.3,72.9,7.3,0,10.6,76,92.7,-5.4,0,27.8,115.0,,,,157.0,126.0,122.0,,,,24733,159,0,3,1
2025-08-01,79.4,66.8,0,0,10.6,40,91.9,-12.5,0,18.2,122.0,,,,138.0,157.0,126.0,,,,24580,159,0,4,1
2025-08-02,79.3,63.0,0,0,9.4,58,90.0,-10.7,0,13.8,131.0,,,,144.0,138.0,157.0,,,,24440,159,0,5,1
2025-08-03,81.7,66.5,0.9,0,9.3,55,88.4,-6.7,0,15.8,118.0,,,,115.0,144.0,138.0,,,,24302,159,0,6,1
2025-08-04,78.2,68.4,20.0,0,5.9,82,86.8,-8.6,0,17.8,115.0,,,,122.0,115.0,144.0,,,,24163,159,0,0,1
2025-08-05,84.0,67.5,0.2,0,5.1,40,84.5,-0.5,0,19.4,132.0,,,,131.0,122.0,115.0,,,,24018,159,0,1,1
2025-08-06,86.0,69.0,0.2,0,4.0,19,83.4,2.6,0,18.3,159.0,,,,118.0,131.0,122.0,,,,23855,159,0,2,0
2025-08-07,87.8,70.1,0.1,0,3.4,50,82.3,5.5,0,26.5,155.0,,,,115.0,118.0,131.0,,,,23674,159,0,3,0
2025-08-08,88.7,70.8,0,0,5.4,46,82.3,6.4,0,15.9,139.0,,,,132.0,115.0,118.0,,,,23512,159,0,4,0
2025-08-09,91.1,72.9,0.1,0,5.1,8,83.7,7.4,0,17.1,152.0,,,,159.0,132.0,115.0,,,,23294,159,0,5,1
2025-08-10,91.0,73.0,1.6,0,6.1,11,85.4,5.6,0,18.1,156.0,,,,155.0,159.0,132.0,,,,23153,159,0,6,1
2025-08-11,91.5,73.4,0,0,6.7,13,86.7,4.8,0,15.9,164.0,,,,139.0,155.0,159.0,,,,23012,159,0,0,0
2025-08-12,90.1,74.5,1.1,0,9.3,44,88.6,1.5,0,16.6,114.0,,,,152.0,139.0,155.0,,,,22835,159,0,1,0
2025-08-13,85.4,73.0,6.9,0,7.0,46,89.5,-4.1,0,15.5,139.0,,,,156.0,152.0,139.0,,,,22701,159,0,2,0
2025-08-14,86.7,73.8,0.2,0,4.3,56,89.4,-2.7,0,27.8,136.0,,,,164.0,156.0,152.0,,,,22532,159,0,3,0
2025-08-15,90.7,73.6,0,0,4.0,16,89.2,1.5,0,26.8,152.0,,,,114.0,164.0,156.0,,,,22373,159,0,4,0
2025-08-16,93.1,74.3,0,0,4.6,28,89.5,3.6,0,15.9,157.0,,,,139.0,114.0,164.0,,,,22181,159,0,5,1
2025-08-17,87.9,74.7,0,0,6.7,51,89.8,-1.9,0,28.6,141.0,,,,136.0,139.0,114.0,,,,22012,159,0,6,1
2025-08-18,91.3,74.7,0.9,0,5.1,32,89.3,2.0,0,17.4,138.0,,,,152.0,136.0,139.0,,,,21864,159,0,0,0
2025-08-19,94.8,73.5,0.5,0,5.0,16,89.3,5.5,0,14.5,161.0,,,,157.0,152.0,136.0,,,,21715,159,0,1,0
2025-08-20,83.8,72.7,0.1,0,9.0,85,90.0,-6.2,0,14.5,103.0,,,,141.0,157.0,152.0,,,,21522,159,0,2,0
2025-08-21,80.7,67.5,0.1,0,9.5,62,89.8,-9.1,0,17.5,110.0,,,,138.0,141.0,157.0,,,,21383,159,0,3,0
2025-08-22,80.4,66.7,0.1,0,5.5,46,88.9,-8.5,0,24.1,115.0,,,,161.0,138.0,141.0,,,,21196,159,0,4,0
2025-08-23,84.0,66.7,0,0,7.0,33,87.4,-3.4,0,27.9,125.0,,,,103.0,161.0,138.0,,,,21002,159,0,5,1
2025-08-24,79.2,68.1,0,0,10.0,10,86.1,-6.9,0,12.7,108.0,,,,110.0,103.0,161.0,,,,20827,159,0,6,1
2025-08-25,74.6,60.7,0,0,9.8,28,84.9,-10.3,0,13.5,101.0,,,,115.0,110.0,103.0,,,,20666,159,0,0,0
2025-08-26,74.6,57.3,0,0,8.3,22,82.5,-7.9,0,17.2,108.0,,,,125.0,115.0,110.0,,,,20471,159,0,1,0
2025-08-27,75.9,55.8,0,0,4.3,23,79.6,-3.7,0,20.7,117.0,,,,108.0,125.0,115.0,,,,20277,159,0,2,0
2025-08-28,81.5,57.6,0,0,5.7,4,78.5,3.0,0,24.9,135.0,,,,101.0,108.0,125.0,,,,20121,159,0,3,0
2025-08-29,82.4,62.7,0,0,7.7,46,78.6,3.8,0,23.5,122.0,,,,108.0,101.0,108.0,,,,19989,159,0,4,0
2025-08-30,79.2,58.6,0,0,6.9,15,78.9,0.3,0,15.8,126.0,,,,117.0,108.0,101.0,,,,19811,159,0,5,1
2025-08-31,80.2,59.5,0,0,8.6,71,78.2,2.0,0,7.9,137.0,,,,135.0,117.0,108.0,,,,19650,159,0,6,1
2025-09-01,84.8,60.5,0,0,7.8,31,78.3,6.5,0,10.8,139.0,,,,122.0,135.0,117.0,,,,19483,159,1,0,1
2025-09-02,86.0,63.1,0,0,13.2,40,79.8,6.2,0,13.2,154.0,,,,126.0,122.0,135.0,,,,19325,159,0,1,0
2025-09-03,82.2,63.4,0.2,0,7.7,14,81.4,0.8,0,15.0,158.0,,,,137.0,126.0,122.0,,,,19134,159,0,2,0
2025-09-04,74.9,62.2,9.6,0,11.2,48,82.3,-7.4,0,14.6,103.0,,,,139.0,137.0,126.0,,,,18983,159,0,3,0
2025-09-05,82.0,60.2,0,0,10.9,47,81.4,0.6,0,20.0,124.0,,,,154.0,139.0,137.0,,,,18808,159,0,4,0
2025-09-06,72.9,59.6,0.7,0,9.0,68,81.3,-8.4,0,10.2,97.0,,,,158.0,154.0,139.0,,,,18677,159,0,5,1
2025-09-07,71.6,55.0,0,0,7.8,18,80.4,-8.8,0,12.2,105.0,,,,103.0,158.0,154.0,,,,18507,159,0,6,1
2025-09-08,74.2,52.9,0,0,5.5,0,79.2,-5.0,0,7.7,125.0,,,,124.0,103.0,158.0,,,,18339,159,0,0,0
2025-09-09,78.4,54.7,0,0,3.8,15,77.7,0.7,0,7.7,125.0,,,,97.0,124.0,103.0,,,,18181,159,0,1,0
2025-09-10,82.7,58.9,0.7,0,2.9,38,76.6,6.1,0,27.2,158.0,,,,105.0,97.0,124.0,,,,18004,159,0,2,0
2025-09-11,84.7,62.0,0,0,5.4,9,76.7,8.0,0,28.0,167.0,,,,125.0,105.0,97.0,,,,17850,159,0,3,0
2025-09-12,84.7,62.4,0,0,3.1,1,78.1,6.6,0,14.6,164.0,,,,125.0,125.0,105.0,,,,17713,159,0,4,0
2025-09-13,87.5,63.2,0.4,0,4.8,22,78.5,9.0,0,11.0,163.0,,,,158.0,125.0,125.0,,,,17556,159,0,5,1
2025-09-14,87.3,68.5,0.1,0,6.3,43,80.5,6.8,0,14.3,148.0,,,,167.0,158.0,125.0,,,,17414,159,0,6,1
2025-09-15,87.3,66.4,0,0,4.4,5,82.8,4.5,0,14.7,151.0,,,,164.0,167.0,158.0,,,,17283,159,0,0,0
2025-09-16,86.4,65.9,0,0,7.0,70,84.7,1.7,0,21.2,158.0,,,,163.0,164.0,167.0,,,,17129,159,0,1,0
2025-09-17,86.4,65.4,0,0,3.4,32,85.8,0.6,0,20.8,147.0,,,,148.0,163.0,164.0,,,,16990,159,0,2,0
2025-09-18,86.8,65.0,0,0,3.4,4,86.3,0.5,0,17.6,164.0,,,,151.0,148.0,163.0,,,,16838,159,0,3,0
2025-09-19,88.5,65.1,0,0,3.6,48,86.6,1.9,0,22.7,154.0,,,,158.0,151.0,148.0,,,,16705,159,0,4,0
2025-09-20,89.1,67.0,0,0,5.5,58,87.2,1.9,0,20.7,153.0,,,,147.0,158.0,151.0,,,,16512,159,0,5,1
2025-09-21,82.5,67.6,7.1,0,8.7,77,87.4,-4.9,0,15.2,144.0,,,,164.0,147.0,158.0,,,,16382,159,0,6,1
2025-09-22,78.4,67.6,20.7,0,10.1,98,86.7,-8.3,0,18.9,101.0,,,,154.0,164.0,147.0,,,,16250,159,0,0,0
2025-09-23,81.3,66.6,5.2,0,5.6,94,85.4,-4.1,0,19.6,126.0,,,,153.0,154.0,164.0,,,,16064,159,0,1,0
2025-09-24,76.8,67.2,20.3,0,5.8,94,84.7,-7.9,0,17.0,101.0,,,,144.0,153.0,154.0,,,,15901,159,0,2,0
2025-09-25,76.1,66.7,9.5,0,6.7,64,83.3,-7.2,0,11.1,104.0,,,,101.0,144.0,153.0,,,,15753,159,0,3,0
2025-09-26,77.1,60.8,0,0,5.1,2,81.8,-4.7,0,11.6,118.0,,,,126.0,101.0,144.0,,,,15556,159,0,4,0
2025-09-27,80.1,61.0,0,0,4.2,4,80.2,-0.1,0,12.6,129.0,,,,101.0,126.0,101.0,,,,15370,159,0,5,1
2025-09-28,83.9,61.3,0,0,5.7,3,78.9,5.0,0,16.5,132.0,,,,104.0,101.0,126.0,,,,15209,159,0,6,1
2025-09-29,83.8,62.8,0,0,6.2,2,79.1,4.7,0,18.9,134.0,,,,118.0,104.0,101.0,,,,15077,159,0,0,0
2025-09-30,83.8,63.2,0,0,5.6,0,79.9,3.9,0,18.6,148.0,,,,129.0,118.0,104.0,,,,14908,159,0,1,0
2025-10-01,83.1,62.2,0,0,5.6,40,80.2,2.9,0,24.3,163.0,,,,132.0,129.0,118.0,,,,14764,159,0,2,0
2025-10-02,84.0,59.6,0,0,3.5,69,81.1,2.9,0,9.2,137.0,,,,134.0,132.0,129.0,,,,14580,159,0,3,0
2025-10-03,82.5,62.6,0,0,5.9,47,82.3,0.2,0,15.2,147.0,,,,148.0,134.0,132.0,,,,14437,159,0,4,0
2025-10-04,81.0,61.6,0,0,4.5,35,83.0,-2.0,0,18.6,131.0,,,,163.0,148.0,134.0,,,,14312,159,0,5,1
2025-10-05,81.4,59.7,0,0,6.4,7,83.2,-1.8,0,10.5,105.0,,,,137.0,163.0,148.0,,,,14172,159,0,6,1
2025-10-06,75.2,65.8,25.9,0,7.3,60,82.8,-7.6,0,7.5,78.0,,,,147.0,137.0,163.0,,,,14018,159,0,0,1
2025-10-07,74.0,66.7,78.4,0,7.8,84,81.6,-7.6,0,5.8,76.0,,,,131.0,147.0,137.0,,,,13849,159,0,1,1
2025-10-08,69.7,54.5,0,0,10.2,15,80.2,-10.5,0,6.4,98.0,,,,105.0,131.0,147.0,,,,13658,159,0,2,1
2025-10-09,66.2,51.3,0,0,7.2,0,78.3,-12.1,0,6.9,99.0,,,,78.0,105.0,131.0,,,,13500,159,0,3,1
2025-10-10,67.7,46.4,0,0,4.0,42,75.7,-8.0,0,24.2,116.0,,,,76.0,78.0,105.0,,,,13345,159,0,4,1
2025-10-11,73.3,50.1,0,0,4.0,55,73.6,-0.3,0,27.3,125.0,,,,98.0,76.0,78.0,,,,13186,159,0,5,1
2025-10-12,72.3,52.3,0,0,4.7,0,72.5,-0.2,0,18.6,114.0,,,,99.0,98.0,76.0,,,,13059,159,0,6,1
2025-10-13,74.3,52.0,0,0,4.1,5,71.2,3.1,0,12.5,102.0,,,,116.0,99.0,98.0,,,,12918,159,0,0,0
2025-10-14,75.4,54.5,0,0,6.0,0,71.1,4.3,0,10.8,109.0,,,,125.0,116.0,99.0,,,,12726,159,0,1,0
2025-10-15,75.4,54.8,0,0,4.5,19,71.3,4.1,0,13.1,115.0,,,,114.0,125.0,116.0,,,,12603,159,0,2,0
2025-10-16,70.2,58.6,0,0,6.0,26,72.1,-1.9,0,15.5,91.0,,,,102.0,114.0,125.0,,,,12488,159,0,3,0
2025-10-17,72.8,50.5,0,0,5.2,76,72.7,0.1,0,,,,,,109.0,102.0,114.0,,,,12363,159,0,4,0
2025-10-18,82.3,60.1,0,0,12.1,68,73.4,8.9,0,14.8,123.0,,,,115.0,109.0,102.0,,,,12212,159,0,5,1
2025-10-19,72.9,52.2,38.6,0,15.3,74,74.7,-1.8,0,13.3,114.0,,,,91.0,115.0,109.0,,,,12098,159,0,6,1
2025-10-20,65.5,44.9,0,0,8.8,0,74.8,-9.3,0,3.8,87.0,,,,89.0,91.0,115.0,,,,11958,159,0,0,0
2025-10-21,66.4,54.3,0.4,0,14.1,15,73.5,-7.1,0,3.7,87.0,,,,123.0,89.0,91.0,,,,11799,159,0,1,0
2025-10-22,58.9,46.7,0,0,12.0,0,72.2,-13.3,0,3.5,79.0,,,,114.0,123.0,89.0,,,,11641,159,0,2,0
2025-10-23,59.7,42.4,0,0,8.3,5,69.9,-10.2,0,4.4,79.0,,,,87.0,114.0,123.0,,,,11512,159,0,3,0
2025-10-24,59.6,38.3,0,0,3.5,53,68.4,-8.8,0,9.9,86.0,,,,87.0,87.0,114.0,,,,11390,159,0,4,0
2025-10-25,58.5,45.8,0.2,0,6.2,100,66.5,-8.0,0,13.4,61.0,,,,79.0,87.0,87.0,,,,11254,,0,5,1
2025-10-26,61.1,49.3,0.5,0,7.4,100,63.1,-2.0,0,15.2,75.0,,,,79.0,79.0,87.0,,,,11096,159,0,6,1
2025-10-27,53.6,49.9,4.0,0,7.2,100,61.4,-7.8,0,6.5,68.0,,,,86.0,79.0,79.0,,,,10984,159,0,0,0
2025-10-28,57.6,51.3,0.5,0,7.7,100,59.7,-2.1,0,8.5,70.0,,,,61.0,86.0,79.0,,,,10818,159,0,1,0
2025-10-29,53.8,48.3,28.5,0,10.6,100,58.4,-4.6,0,8.4,62.0,,,,75.0,61.0,86.0,,,,10693,159,0,2,0
2025-10-30,56.3,46.4,8.8,0,14.5,78,57.7,-1.4,0,5.0,71.0,,,,68.0,75.0,61.0,,,,10534,159,0,3,0
2025-10-31,55.9,43.8,0,0,10.4,50,57.2,-1.3,0,10.2,84.0,,,,70.0,68.0,75.0,,,,10382,159,0,4,0
2025-11-01,57.1,42.9,1.5,0,8.1,91,56.7,0.4,0,7.4,75.0,,,,62.0,70.0,68.0,,,,10233,159,0,5,1
2025-11-02,51.2,44.1,2.2,0,5.4,93,56.5,-5.3,0,17.1,68.0,,,,71.0,62.0,70.0,,,,10093,159,0,6,1
2025-11-03,59.6,38.9,0,0,8.9,2,55.1,4.5,0,17.1,78.0,,,,84.0,71.0,62.0,,,,9928,159,0,0,0
2025-11-04,63.2,38.4,0,0,6.0,43,55.9,7.3,0,9.5,81.0,,,,75.0,84.0,71.0,,,,9796,159,0,1,0
2025-11-05,69.0,50.6,0,0,11.4,38,56.7,12.3,0,5.4,110.0,,,,68.0,75.0,84.0,,,,9637,159,0,2,0
2025-11-06,60.1,41.6,0,0,8.2,8,58.9,1.2,0,4.2,83.0,,,,78.0,68.0,75.0,,,,9499,159,0,3,0
2025-11-07,63.1,46.4,10.3,0,12.7,75,59.4,3.7,0,12.6,91.0,,,,81.0,78.0,68.0,,,,9344,159,0,4,0
2025-11-08,65.3,44.1,0,0,5.8,51,60.5,4.8,0,8.4,59.0,,,,110.0,81.0,78.0,,,,9209,159,0,5,1
2025-11-09,52.2,33.5,11.0,0,15.5,82,61.6,-9.4,0,5.6,64.0,,,,83.0,110.0,81.0,,,,9073,159,0,6,1
2025-11-10,34.2,27.6,1.4,0.98,11.6,66,61.8,-27.6,0,5.5,73.0,,,,91.0,83.0,110.0,,,,8925,159,0,0,0
2025-11-11,44.2,26.9,0,0,12.2,61,58.2,-14.0,0,5.9,71.0,,,,59.0,91.0,83.0,,,,8776,159,1,1,1
2025-11-12,61.0,41.4,0,0,12.3,14,55.4,5.6,0,5.2,73.0,,,,64.0,59.0,91.0,,,,8646,159,0,2,0
2025-11-13,60.4,38.1,0,0,6.6,35,54.3,6.1,0,14.6,79.0,,,,73.0,64.0,59.0,,,,8502,159,0,3,0
2025-11-14,71.3,39.8,0,0,7.9,10,54.3,17.0,1,12.8,86.0,,,,71.0,73.0,64.0,,,,8339,159,0,4,0
2025-11-15,73.8,57.1,1.1,0,13.1,68,55.5,18.3,1,6.3,90.0,,,,73.0,71.0,73.0,,,,8135,159,0,5,1
2025-11-16,63.5,45.0,0,0,10.1,6,56.7,6.8,0,4.9,76.0,,,,79.0,73.0,71.0,,,,7961,159,0,6,1
2025-11-17,55.6,34.4,0,0,4.6,12,58.3,-2.7,0,9.4,69.0,,,,86.0,79.0,73.0,,,,7804,159,0,0,0
2025-11-18,55.4,42.9,24.0,0,8.1,90,61.4,-6.0,0,15.1,48.0,,,,90.0,86.0,79.0,,,,7668,159,0,1,0
2025-11-19,51.9,44.6,0,0,5.6,96,63.0,-11.1,0,18.8,48.0,,,,76.0,90.0,86.0,,,,7540,159,0,2,0
2025-11-20,51.1,46.8,0.9,0,5.1,100,61.7,-10.6,0,24.2,55.0,,,,69.0,76.0,90.0,,,,7396,159,0,3,0
2025-11-21,57.6,47.6,9.2,0,6.6,96,60.4,-2.8,0,23.6,50.0,,,,48.0,69.0,76.0,,,,7256,159,0,4,0
2025-11-22,57.2,45.4,3.2,0,8.1,70,58.4,-1.2,0,13.4,71.0,,,,48.0,48.0,69.0,,,,7072,159,0,5,1
2025-11-23,58.1,41.5,0,0,4.1,8,56.0,2.1,0,17.6,65.0,,,,55.0,48.0,48.0,,,,6894,159,0,6,1
2025-11-24,55.7,39.6,0,0,5.8,84,55.3,0.4,0,17.8,42.0,,,,50.0,55.0,48.0,,,,6715,159,0,0,1
2025-11-25,61.5,53.1,11.5,0,10.4,99,55.3,6.2,0,9.5,67.0,,,,71.0,50.0,55.0,,,,6575,159,0,1,1
2025-11-26,55.1,38.2,0.3,0,16.8,77,56.2,-1.1,0,10.5,73.0,,,,65.0,71.0,50.0,,,,6446,159,0,2,1
2025-11-27,37.5,30.2,0,0,10.0,70,56.6,-19.1,0,6.3,68.0,,,,42.0,65.0,71.0,,,,6285,159,1,3,1
2025-11-28,36.1,25.4,0,0,7.5,0,54.7,-18.6,0,16.3,72.0,,,,67.0,42.0,65.0,,,,6140,159,0,4,1
2025-11-29,39.1,27.5,2.1,0.63,11.0,91,51.6,-12.5,0,16.8,62.0,,,,73.0,67.0,42.0,,,,5979,159,0,5,1
2025-11-30,44.2,29.0,2.2,0,16.0,99,49.0,-4.8,0,6.3,67.0,,,,68.0,73.0,67.0,,,,5816,159,0,6,1
2025-12-01,37.0,26.3,0.5,0.35,7.9,80,47.0,-10.0,0,7.4,66.0,,,,72.0,68.0,73.0,,,,5659,159,0,0,0
2025-12-02,33.3,26.1,7.4,5.11,7.1,96,44.4,-11.1,0,8.2,65.0,,,,62.0,72.0,68.0,,,,5443,159,0,1,0
2025-12-03,29.8,24.2,0,0,6.2,98,40.3,-10.5,0,15.5,76.0,,,,67.0,62.0,72.0,,,,5283,159,0,2,0
2025-12-04,33.3,28.7,0,0,6.9,98,36.7,-3.4,0,18.1,69.0,,,,66.0,67.0,62.0,,,,5122,159,0,3,0
2025-12-05,34.1,27.4,0,0,5.3,70,36.1,-2.0,0,22.9,72.0,,,,65.0,66.0,67.0,,,,5021,159,0,4,0
2025-12-06,37.0,28.0,0,0,7.7,78,35.8,1.2,0,32.6,62.0,,,,76.0,65.0,66.0,,,,4857,159,0,5,1
2025-12-07,45.7,29.0,0.1,0,8.9,95,35.5,10.2,0,31.0,53.0,,,,69.0,76.0,65.0,,,,4762,159,0,6,1
2025-12-08,35.9,28.7,1.8,1.19,9.7,99,35.7,0.2,0,18.6,75.0,,,,72.0,69.0,76.0,,,,4590,159,0,0,0
2025-12-09,44.0,26.6,0,0,11.4,70,35.6,8.4,0,17.1,57.0,,,,62.0,72.0,69.0,,,,4419,159,0,1,0
2025-12-10,43.9,33.7,5.8,0,14.7,99,37.1,6.8,0,12.3,68.0,,,,53.0,62.0,72.0,,,,4294,159,0,2,0
2025-12-11,34.1,30.6,1.6,1.12,9.5,98,39.1,-5.0,0,12.1,68.0,,,,75.0,53.0,62.0,,,,4181,159,0,3,0
2025-12-12,35.8,30.5,5.5,3.78,5.5,86,39.2,-3.4,0,35.6,71.0,,,,57.0,75.0,53.0,,,,4061,159,0,4,0
2025-12-13,33.8,21.7,1.4,0.98,9.6,99,39.5,-5.7,0,37.3,62.0,,,,68.0,57.0,75.0,,,,3952,159,0,5,1
2025-12-14,19.8,5.0,0.6,0.42,11.3,50,39.0,-19.2,0,13.9,78.0,,,,68.0,68.0,57.0,,,,3829,159,0,6,1
2025-12-15,29.8,4.8,0,0,7.0,57,35.3,-5.5,0,20.2,65.0,,,,71.0,68.0,68.0,,,,3656,159,0,0,0
2025-12-16,41.0,23.6,0,0,8.7,63,34.5,6.5,0,8.9,58.0,,,,62.0,71.0,68.0,,,,3483,159,0,1,0
2025-12-17,54.1,40.5,0,0,9.7,66,34.0,20.1,1,15.8,72.0,,,,78.0,62.0,71.0,,,,3333,159,0,2,0
2025-12-18,57.3,42.3,17.3,0,16.7,95,35.5,21.8,1,13.4,75.0,,,,65.0,78.0,62.0,,,,3209,159,0,3,0
2025-12-19,44.3,28.7,1.4,0,15.5,56,38.8,5.5,0,9.3,74.0,,,,58.0,65.0,78.0,,,,3072,159,0,4,0
2025-12-20,53.9,28.1,0,0,11.4,59,40.0,13.9,0,9.8,66.0,,,,72.0,58.0,65.0,,,,2937,159,0,5,1
2025-12-21,43.5,30.4,0,0,6.9,44,42.9,0.6,0,9.9,69.0,,,,75.0,72.0,58.0,,,,2826,159,0,6,1
2025-12-22,51.7,28.9,0.4,0,9.6,66,46.3,5.4,0,15.5,62.0,,,,74.0,75.0,72.0,,,,2708,159,0,0,1
2025-12-23,65.7,49.2,1.5,0,11.8,83,49.4,16.3,1,23.2,51.0,,,,66.0,74.0,75.0,,,,2569,159,0,1,1
2025-12-24,58.1,46.2,0,0,5.8,89,52.9,5.2,0,23.6,38.0,,,,69.0,66.0,74.0,,,,2433,159,0,2,1
2025-12-25,65.6,54.9,0.8,0,9.1,78,53.5,12.1,0,17.9,59.0,,,,62.0,69.0,66.0,,,,2302,159,1,3,1
2025-12-26,65.1,56.5,4.6,0,12.7,83,54.7,10.4,0,14.4,56.0,,,,51.0,62.0,69.0,,,,2166,159,0,4,1
2025-12-27,60.1,47.2,0,0,6.0,69,57.7,2.4,0,30.5,44.0,,,,38.0,51.0,62.0,,,,2024,159,0,5,1
2025-12-28,71.1,58.2,8.7,0,19.1,96,58.5,12.6,0,22.1,69.0,,,,59.0,38.0,51.0,,,,1884,159,0,6,1
2025-12-29,53.1,22.0,1.4,0,18.0,91,62.5,-9.4,0,5.4,63.0,,,,56.0,59.0,38.0,,,,1712,159,0,0,1
2025-12-30,30.4,21.4,0,0,10.3,89,62.7,-32.3,0,5.5,69.0,,,,44.0,56.0,59.0,,,,1590,159,0,1,1
2025-12-31,41.2,28.4,0,0,10.9,87,57.6,-16.4,0,10.6,61.0,,,,69.0,44.0,,,,,1456,159,0,2,1
2026-01-01,39.7,33.4,0,0,8.6,79,55.2,-15.5,0,22.7,56.0,,,,63.0,69.0,44.0,,,,12547,159,1,3,1
2026-01-02,36.7,28.9,0,0,5.9,85,51.5,-14.8,0,23.2,61.0,,,,69.0,63.0,69.0,,,,12466,159,0,4,1
2026-01-03,36.9,29.2,0,0,6.6,73,47.5,-10.6,0,13.1,52.0,,,,61.0,69.0,63.0,,,,12347,159,0,5,1
2026-01-04,39.6,25.9,0,0,3.8,73,44.2,-4.6,0,19.1,62.0,,,,56.0,61.0,69.0,,,,12218,159,0,6,1
2026-01-05,55.3,31.5,0,0,7.5,52,39.7,15.6,1,13.3,51.0,,,,61.0,56.0,61.0,,,,12093,159,0,0,0
2026-01-06,59.9,47.3,0,0,14.1,55,40.0,19.9,1,16.0,61.0,,,,52.0,61.0,56.0,,,,11949,159,0,1,0
2026-01-07,54.4,38.0,0,0,6.6,37,44.2,10.2,0,23.6,48.0,,,,62.0,52.0,61.0,,,,11830,159,0,2,0
2026-01-08,63.4,38.4,0,0,15.4,89,46.1,17.3,1,21.0,74.0,,,,51.0,62.0,52.0,,,,11695,159,0,3,0
2026-01-09,65.5,45.7,7.2,0,17.9,93,49.5,16.0,1,11.4,75.0,,,,61.0,51.0,62.0,,,,11511,159,0,4,0
2026-01-10,51.5,37.0,1.4,0,11.3,81,53.6,-2.1,0,9.7,61.0,,,,48.0,61.0,51.0,,,,11351,159,0,5,1
2026-01-11,37.6,28.4,1.0,0.7,15.2,76,55.7,-18.1,0,6.3,70.0,,,,74.0,48.0,61.0,,,,11219,159,0,6,1
2026-01-12,44.0,25.3,0,0,9.2,17,55.4,-11.4,0,9.3,62.0,,,,75.0,74.0,48.0,,,,11095,159,0,0,0
2026-01-13,55.1,34.2,0,0,11.1,79,53.8,1.3,0,4.9,60.0,,,,61.0,75.0,74.0,,,,10949,159,0,1,0
2026-01-14,52.4,24.4,3.9,0,17.2,96,53.1,-0.7,0,9.0,68.0,,,,70.0,61.0,75.0,,,,10827,159,0,2,0
2026-01-15,27.5,19.5,0,0,10.0,52,52.8,-25.3,0,6.5,71.0,,,,62.0,70.0,61.0,,,,10695,159,0,3,0
2026-01-16,43.7,22.0,1.9,0.14,11.5,84,47.7,-4.0,0,10.5,60.0,,,,60.0,62.0,70.0,,,,10555,159,0,4,0
2026-01-17,36.0,24.3,1.9,1.33,10.9,49,44.5,-8.5,0,9.1,66.0,,,,68.0,60.0,62.0,,,,10410,159,0,5,1
2026-01-18,27.2,14.5,0,0,8.2,64,42.3,-15.1,0,8.3,60.0,,,,71.0,68.0,60.0,,,,10300,159,0,6,1
2026-01-19,28.6,17.4,0,0,12.8,31,40.8,-12.2,0,7.5,78.0,,,,60.0,71.0,68.0,,,,10159,159,1,0,1
2026-01-20,29.4,12.4,0,0,6.4,14,38.6,-9.2,0,5.4,72.0,,,,66.0,60.0,71.0,,,,10011,159,0,1,0
2026-01-21,39.8,26.0,2.3,0.7,13.9,78,35.0,4.8,0,14.1,68.0,,,,60.0,66.0,60.0,,,,9839,159,0,2,0
2026-01-22,39.1,26.7,0,0,10.4,57,33.2,5.9,0,13.8,76.0,,,,78.0,60.0,66.0,,,,9709,159,0,3,0
2026-01-23,28.7,11.8,0,0,10.3,69,34.8,-6.1,0,7.7,72.0,,,,72.0,78.0,60.0,,,,9593,159,0,4,0
2026-01-24,16.2,10.0,4.3,3.01,10.4,100,32.7,-16.5,0,5.5,64.0,,,,68.0,72.0,78.0,,,,9457,159,0,5,1
2026-01-25,18.3,14.2,28.2,18.34,10.8,99,29.9,-11.6,0,10.4,62.0,,,,76.0,68.0,72.0,,,,9342,159,0,6,1
2026-01-26,13.4,1.6,0,0,10.4,39,28.6,-15.2,0,17.5,72.0,,,,72.0,76.0,68.0,,,,9224,159,0,0,0
2026-01-27,25.5,1.4,0,0,11.4,3,26.4,-0.9,0,21.7,95.0,,,,64.0,72.0,76.0,,,,9089,159,0,1,0
2026-01-28,20.5,6.1,0,0,8.0,26,25.9,-5.4,0,19.7,85.0,,,,62.0,64.0,72.0,,,,8967,159,0,2,0
2026-01-29,24.4,6.4,0,0,5.0,74,23.1,1.3,0,31.8,84.0,,,,72.0,62.0,64.0,,,,8858,159,0,3,0
2026-01-30,22.4,13.0,0.4,0.28,7.6,86,21.0,1.4,0,25.3,75.0,,,,95.0,72.0,62.0,,,,8691,159,0,4,0
2026-01-31,18.0,6.0,0.4,0.28,8.8,79,20.1,-2.1,0,21.8,71.0,,,,85.0,95.0,72.0,,,,8570,159,0,5,1
2026-02-01,21.8,0.5,0,0,5.0,30,20.4,1.4,0,26.2,85.0,,,,84.0,85.0,95.0,,,,8462,159,0,6,1
2026-02-02,34.2,11.2,0,0,6.4,85,20.9,13.3,0,45.1,80.0,,,,75.0,84.0,85.0,,,,8410,159,0,0,0
2026-02-03,36.6,25.2,1.7,0.91,8.0,100,23.8,12.8,0,58.8,72.0,,,,71.0,75.0,84.0,,,,8348,159,0,1,0
2026-02-04,32.0,20.5,0,0,9.8,96,25.4,6.6,0,29.7,80.0,,,,85.0,71.0,75.0,,,,8267,159,0,2,0
2026-02-05,23.4,6.5,0,0,6.5,76,27.1,-3.7,0,27.2,72.0,,,,80.0,85.0,71.0,,,,8150,159,0,3,0
2026-02-06,38.1,22.5,3.8,2.59,9.4,77,26.9,11.2,0,31.1,77.0,,,,72.0,80.0,85.0,,,,8045,159,0,4,0
2026-02-07,35.2,15.4,0,0,10.9,24,29.2,6.0,0,20.8,90.0,,,,80.0,72.0,80.0,,,,7921,159,0,5,1
2026-02-08,28.1,15.4,0,0,6.9,92,31.6,-3.5,0,18.7,92.0,,,,72.0,80.0,72.0,,,,7828,159,0,6,1
2026-02-09,40.0,20.2,0,0,4.6,29,32.5,7.5,0,57.5,90.0,,,,77.0,72.0,80.0,,,,7720,159,0,0,0
2026-02-10,64.4,27.3,0,0,11.0,25,33.3,31.1,1,59.5,94.0,,,,90.0,77.0,72.0,,,,7609,159,0,1,0
2026-02-11,47.1,29.9,0.1,0,10.0,37,37.3,9.8,0,37.0,71.0,,,,92.0,90.0,77.0,,,,7445,159,0,2,0
2026-02-12,45.8,26.3,0,0,4.7,53,39.5,6.3,0,29.0,73.0,,,,90.0,92.0,90.0,,,,7316,159,0,3,0
2026-02-13,51.7,26.8,0,0,3.2,2,42.7,9.0,0,49.0,88.0,,,,94.0,90.0,92.0,,,,7204,159,0,4,0
2026-02-14,51.5,30.7,1.9,0,7.1,80,44.6,6.9,0,13.2,53.0,,,,71.0,94.0,90.0,,,,7110,159,0,5,1
2026-02-15,50.2,39.4,10.4,0,8.4,87,46.9,3.3,0,17.8,80.0,,,,73.0,71.0,94.0,,,,6981,159,0,6,1
2026-02-16,56.2,31.9,0,0,4.6,83,50.1,6.1,0,25.3,83.0,,,,88.0,73.0,71.0,,,,6859,159,1,0,1
2026-02-17,62.1,34.5,0,0,10.5,87,52.4,9.7,0,21.5,81.0,,,,53.0,88.0,73.0,,,,6751,159,0,1,0
2026-02-18,67.0,54.5,0.1,0,13.1,79,52.1,14.9,0,13.4,88.0,,,,80.0,53.0,88.0,,,,6615,159,0,2,0
2026-02-19,67.6,52.0,3.1,0,9.9,90,54.9,12.7,0,14.1,85.0,,,,83.0,80.0,53.0,,,,6484,159,0,3,0
2026-02-20,65.0,39.0,0,0,14.7,21,58.0,7.0,0,16.7,81.0,,,,81.0,83.0,80.0,,,,6330,159,0,4,0
2026-02-21,47.3,32.4,0.7,0.14,8.3,69,59.9,-12.6,0,13.6,74.0,,,,88.0,81.0,83.0,,,,6160,159,0,5,1
2026-02-22,31.5,25.1,0.2,0.14,11.9,67,59.3,-27.8,0,10.8,69.0,,,,85.0,88.0,81.0,,,,6024,159,0,6,1
2026-02-23,32.4,19.9,0,0,12.1,86,56.7,-24.3,0,8.6,77.0,,,,81.0,85.0,88.0,,,,5913,159,0,0,0
2026-02-24,42.1,22.3,0,0,12.4,85,53.3,-11.2,0,20.7,82.0,,,,74.0,81.0,85.0,,,,5780,159,0,1,0
2026-02-25,55.8,42.5,0.3,0,14.0,99,50.4,5.4,0,15.2,94.0,,,,69.0,74.0,81.0,,,,5634,159,0,2,0
2026-02-26,51.7,34.6,2.8,0.77,8.1,64,48.8,2.9,0,20.1,93.0,,,,77.0,69.0,74.0,,,,5467,159,0,3,0
2026-02-27,62.3,32.7,0,0,7.9,5,46.5,15.8,1,18.1,101.0,,,,82.0,77.0,69.0,,,,5332,159,0,4,0
2026-02-28,65.1,42.1,0,0,7.7,38,46.2,18.9,1,21.0,85.0,,,,94.0,82.0,77.0,,,,5201,159,0,5,1
2026-03-01,52.5,36.6,0,0,9.1,58,48.7,3.8,0,18.0,76.0,,,,93.0,94.0,82.0,,,,5078,159,0,6,1
2026-03-02,38.8,33.1,8.9,0.14,9.4,100,51.7,-12.9,0,7.4,69.0,,,,101.0,93.0,94.0,,,,4930,159,0,0,0
2026-03-03,65.8,38.5,2.9,0,12.8,100,52.6,13.2,0,22.2,95.0,,,,85.0,101.0,93.0,,,,4800,159,0,1,0
2026-03-04,65.5,52.5,14.6,0,8.0,100,56.0,9.5,0,15.3,86.0,,,,76.0,85.0,101.0,,,,4666,159,0,2,0
2026-03-05,64.8,55.1,20.5,0,9.7,99,57.4,7.4,0,19.1,76.0,,,,69.0,76.0,85.0,,,,4555,159,0,3,0
2026-03-06,78.4,54.7,0,0,10.8,55,59.3,19.1,1,19.4,90.0,,,,95.0,69.0,76.0,,,,4426,159,0,4,0
2026-03-07,67.8,58.0,43.3,0,14.4,84,61.6,6.2,0,9.7,62.0,,,,86.0,95.0,69.0,,,,4270,159,0,5,1
2026-03-08,60.6,46.9,0,0,8.5,55,61.9,-1.3,0,9.7,87.0,,,,76.0,86.0,95.0,,,,4126,159,0,6,1
2026-03-09,68.3,44.6,0,0,12.6,28,63.1,5.2,0,15.3,101.0,,,,90.0,76.0,86.0,,,,3950,159,0,0,0
2026-03-10,77.1,61.8,0.5,0,12.7,69,67.3,9.8,0,14.0,83.0,,,,62.0,90.0,76.0,,,,3825,159,0,1,0
2026-03-11,75.8,43.2,14.7,0,18.6,100,68.9,6.9,0,10.0,72.0,,,,87.0,62.0,90.0,,,,3690,159,0,2,0
2026-03-12,51.1,37.0,0.1,0,13.1,63,70.4,-19.3,0,8.8,101.0,,,,101.0,87.0,62.0,,,,3558,159,0,3,0
2026-03-13,59.2,40.5,0,0,17.0,97,68.4,-9.2,0,8.6,100.0,,,,83.0,101.0,87.0,,,,3408,159,0,4,0
2026-03-14,60.3,40.2,0,0,6.8,65,65.7,-5.4,0,7.1,90.0,,,,72.0,83.0,101.0,,,,3287,159,0,5,1
2026-03-15,73.1,48.9,2.1,0,20.1,81,64.6,8.5,0,13.6,102.0,,,,101.0,72.0,83.0,,,,3131,159,0,6,1
2026-03-16,60.7,27.1,11.8,0.28,18.6,100,66.4,-5.7,0,7.9,94.0,,,,100.0,101.0,72.0,,,,2993,159,0,0,0
2026-03-17,29.8,22.8,0.9,0.63,13.4,98,65.3,-35.5,0,7.6,90.0,,,,90.0,100.0,101.0,,,,2841,159,0,1,0
2026-03-18,51.6,27.8,1.5,0.56,9.7,71,58.6,-7.0,0,10.7,101.0,,,,102.0,90.0,100.0,,,,2667,159,0,2,0
2026-04-05,58.8,43.5,0.5,0,12.5,44,80.2,-21.4,0,9.2,98.0,,52,52,105.0,98.0,108.0,,,,208,159,0,6,
2026-03-19,70.1,39.5,0,0,5.5,63,55.1,15.0,0,9.3,123.0,,,,94.0,102.0,90.0,,,,,,,0,0
2026-03-20,76.0,50.0,0,0,10.3,80,57.8,18.2,1,17.2,121.0,,,,90.0,94.0,102.0,,,,,,,0,0
2026-03-21,76.2,51.9,0,0,7.0,60,60.2,16.0,1,17.5,105.0,,,,101.0,90.0,94.0,,,,,,,0,0
2026-03-22,84.9,58.6,1.6,0,12.1,31,62.5,22.4,1,16.5,118.0,,,,123.0,101.0,90.0,,,,,,,0,0
2026-03-23,56.8,41.2,9.0,0,13.5,92,64.2,-7.4,0,19.7,95.0,,,,121.0,123.0,101.0,,,,,,,0,0
2026-03-24,57.4,34.0,0,0,7.7,74,63.6,-6.2,0,11.4,94.0,,,,105.0,121.0,123.0,,,,,,,0,0
2026-03-25,72.1,42.3,0,0,10.3,98,67.6,4.5,0,18.0,125.0,,,,118.0,105.0,121.0,,,,,,,0,0
2026-03-26,82.9,60.7,1.6,0,14.1,73,70.5,12.4,0,15.0,120.0,,,,95.0,118.0,105.0,,,,,,,0,0
2026-03-27,72.9,41.8,8.7,0,13.7,89,72.3,0.6,0,9.9,101.0,,,,94.0,95.0,118.0,,,,,,,0,0
2026-03-28,50.8,35.2,0,0,7.2,7,71.9,-21.1,0,10.4,100.0,,,,125.0,94.0,95.0,,,,,,,0,0
2026-03-29,68.1,36.4,0,0,10.7,79,68.3,-0.2,0,6.2,121.0,,,,120.0,125.0,94.0,,,,,,,0,0
2026-03-30,75.3,57.7,0.7,0,15.2,37,65.9,9.4,0,14.4,120.0,,,,101.0,120.0,125.0,,,,,,,0,0
2026-03-31,80.9,64.5,0,0,16.7,57,68.5,12.4,0,14.8,108.0,,,,100.0,101.0,120.0,,,,,,,0,0
2026-04-01,83.1,65.1,1.9,0,11.9,33,73.7,9.4,0,14.1,98.0,,,,121.0,100.0,101.0,,,,,,,0,0
2026-04-02,83.5,61.8,0,0,21.0,46,75.1,8.4,0,13.6,105.0,,,,120.0,121.0,100.0,,,,,,,0,0
2026-04-03,82.6,66.4,0,0,12.3,50,74.8,7.8,0,8.3,96.0,,,,108.0,120.0,121.0,,,,,,,0,0
2026-04-04,82.2,53.9,6.3,0,17.8,57,76.1,6.1,0,8.5,92.0,,,,98.0,108.0,120.0,,,,,,,0,0
2026-04-06,66.4,38.5,0,0,14.7,0,78.6,-12.2,0,5.5,100.0,,,,96.0,105.0,98.0,,,,,,,0,0
2026-04-07,53.9,41.9,0,0,9.7,5,77.1,-23.2,0,8.5,99.0,,31,33,92.0,96.0,105.0,1.97,0.47,0.53,Decreasing,,,0,0,0,159,0,1,0,1,
2026-04-08,70.6,37.7,0,0,5.6,34,72.9,-2.3,0,4.0,109.0,,81,81,98.0,92.0,96.0,1.97,0.47,0.53,Decreasing,,,0,0,0,159,0,2,0,1,
2026-04-09,77.4,54.8,0,0,10.3,9,71.1,6.3,0,9.0,131.0,,70,70,100.0,98.0,92.0,1.97,0.47,0.53,Decreasing,,,0,0,0,159,0,3,0,1,
2026-04-10,78.5,55.1,0.2,0,13.2,21,70.3,8.2,0,10.0,123.0,,58,58,99.0,100.0,98.0,1.1,0.31,0.0,Decreasing,,,0,0,0,159,0,4,0,0,
2026-04-11,66.8,52.2,0,0,8.1,60,69.7,-2.9,0,14.9,106.0,,112,112,109.0,99.0,100.0,1.1,0.31,0.0,Decreasing,,,1,0,0,159,0,5,1,0,
2026-04-12,82.5,54.1,0,0,13.8,34,67.5,15.0,1,11.0,140.0,,55,55,131.0,109.0,99.0,1.1,0.31,0.0,Decreasing,,,0,0,22,158,0,6,1,0,
2026-04-13,80.3,66.7,0,0,14.2,45,70.9,9.4,0,7.5,118.0,,53,53,123.0,131.0,109.0,1.1,0.31,0.0,Decreasing,,,0,0,0,158,0,0,0,1,
2026-04-14,83.4,65.5,0,0,14.3,27,72.9,10.5,0,9.8,112.0,,61,61,106.0,123.0,131.0,1.1,0.31,0.0,Decreasing,,,0,0,0,158,0,1,0,1,
2026-04-15,83.9,66.6,0,0,15.4,32,77.1,6.8,0,10.9,122.0,,69,69,140.0,106.0,123.0,1.1,0.31,0.0,Decreasing,,,0,0,0,158,0,2,0,1,
2026-04-16,80.4,65.1,0,0,13.8,53,79.0,1.4,0,7.7,127.0,,31,41,118.0,140.0,106.0,1.1,0.31,0.0,Decreasing,,,0,0,0,158,0,3,0,1,
2026-04-17,82.5,55.9,0,0,10.6,22,79.4,3.1,0,12.2,128.0,,56,56,112.0,118.0,140.0,1.35,0.54,0.14,Decreasing,,,0,0,0,158,0,4,0,0,
2026-04-18,73.1,48.5,2.3,0,12.9,81,80.0,-6.9,0,10.6,90.0,,20,35,122.0,112.0,118.0,1.35,0.54,0.14,Decreasing,,,0,0,0,158,0,5,1,0,
2026-04-19,62.6,38.6,0,0,14.6,27,80.9,-18.3,0,10.3,110.0,,23,36,127.0,122.0,112.0,1.35,0.54,0.14,Decreasing,,,1,0,19,150,0,6,1,0,
2026-04-20,62.6,45.4,0,0,9.0,13,78.0,-15.4,0,8.7,121.0,,,,,127.0,122.0,1.35,0.54,0.14,Decreasing,,,0,0,0,150,0,0,0,1,
2026-04-21,78.2,44.4,0,0,15.2,10,75.5,2.7,0,8.8,134.0,,47,47,90.0,128.0,127.0,1.35,0.54,0.14,Decreasing,,,,,0,150,0,1,0,1,
2026-04-22,80.7,59.0,0,0,12.4,5,74.8,5.9,0,7.0,130.0,,,,,90.0,128.0,1.35,0.54,0.14,Decreasing,,,0,0,0,150,0,2,0,1,
2026-04-23,83.1,54.7,0,0,11.6,9,74.3,8.8,0,8.0,139.0,,83,83,121.0,110.0,,1.35,0.54,0.14,Decreasing,,,0,0,0,150,0,3,0,1,
2026-04-24,80.9,58.9,15.2,0,14.7,42,74.7,6.2,0,13.0,120.0,,54,54,134.0,121.0,110.0,0.29,0.0,0.14,Decreasing,,,1,0,0,150,0,4,0,0,
2026-04-25,73.8,59.7,0,0,5.3,44,74.5,-0.7,0,20.5,121.0,,59,59,130.0,134.0,121.0,0.29,0.0,0.14,Decreasing,,,0,0,0,150,1,5,1,0,
2026-04-26,71.0,56.1,0,0,6.9,43,74.6,-3.6,0,11.7,132.0,,48,48,139.0,130.0,134.0,0.29,0.0,0.14,Decreasing,,,0,0,28,150,0,6,1,0,
2026-04-27,74.9,52.9,1.8,0,12.6,72,75.8,-0.9,0,11.1,115.0,,37,37,120.0,139.0,130.0,0.29,0.0,0.14,Decreasing,,,0,0,0,150,0,0,0,1,
2026-04-28,75.4,61.0,40.7,0,14.9,93,77.5,-2.1,0,17.2,113.0,,36,36,121.0,120.0,139.0,0.29,0.0,0.14,Decreasing,,,0,0,0,150,0,1,0,1,
2026-04-29,65.9,55.2,15.1,0,11.2,68,77.1,-11.2,0,13.4,106.0,,21,29,132.0,121.0,120.0,0.29,0.0,0.14,Decreasing,,,0,0,0,150,0,2,0,1,
2026-04-30,60.8,44.7,0,0,10.8,12,75.0,-14.2,0,9.9,108.0,,60,60,115.0,132.0,121.0,0.29,0.0,0.14,Decreasing,,,0,0,0,150,0,3,0,1,
2026-05-01,59.9,46.0,0,0,11.0,30,71.8,-11.9,0,6.8,105.0,,48,48,113.0,115.0,132.0,0.44,0.0,0.44,Decreasing,,,0,0,0,150,1,4,1,0,
2026-05-02,54.7,41.5,0,0,5.8,48,68.8,-14.1,0,19.6,97.0,,70,70,106.0,113.0,115.0,0.44,0.0,0.44,Decreasing,,,1,0,0,150,1,5,1,0,
